diplom,nom_diplome,type_diplome_oraccle,type_diplome_sise
8000232,DNSP - DIPLOME NATIONAL SUPERIEUR PROFESSIONNEL D'ARTISTE DE CIRQUE,ND,NG
8000273,DIPLOME DE LA FEMIS (ECOLE NATIONALE SUPERIEURE DES METIERS DE L'IMAGE ET DU SON) - CURSUS DISTRIBUTION/EXPLOITATION EN CINEMA,UF,UH
8000254,DIPLOME DE 1ER CYCLE DE L'ECOLE DU LOUVRE,UD,UJ
8000309,DIPLOME NATIONAL SUPERIEUR D'ARTS PLASTIQUES DE L'ECOLE NATIONALE SUPERIEURE DES BEAUX ARTS DE PARIS,UH,NH
R028201,DIRECTEUR-TRICE ARTISTIQUE (MASTERE) (PENNINGHEN),08,11
R015795,ARCHITECTE D'INTERIEUR-DESIGNER (MASTERE) (ESAG PENNINGHEN),08,11
R025522,CONCEPTEUR (TRICE) ET REALISATEUR (TRICE) DE FILMS D'ANIMATION (MASTER OF ARTS) (CCIR PARIS ILE-DE-FRANCE- GOBELINS),08,11
R017282,MANAGER STRATEGIQUE WEB (MASTERE-MBA) - ISEFAC,08,11
902002A,CERTIFICATS D'ECOLES EN ARTS PLASTIQUES- ARTS APPLIQUES - BAC,2,02
R031172,CHEF OPERATEUR SON (EICAR),14,13
R015796,DIRECTEUR ARTISTIQUE EN DESIGN GRAPHIQUE (AUTOGRAF),12,11
R035088,VISUEL MERCHANDISER (MJM),13,14
R035217,JOURNALISTE WEB ET MULTIMEDIA (ISFJ - RESEAU GES),13,12
8000209,DIPLOME D'ETAT D'EDUCATEUR DE JEUNES ENFANTS (DEEJE),NC,ND
8000208,DIPLOME D'ETAT D'EDUCATEUR SPECIALISE (DEES),NC,ND
8000207,DIPLOME D'ETAT D'ASSISTANT DE SERVICE SOCIAL (DEASS),NC,ND
8000211,DIPLOME D'ETAT D'EDUCATEUR TECHNIQUE SPECIALISE (DEETS),NC,ND
8000210,CERTIFICAT D'APTITUDE AUX FONCTIONS D'ENCADREMENT ET RESPONSABLE D'UNITE D'INTERVENTION SOCIALE (CAFERUIS),NE,NF
8F03002,CLASSE PREPARATOIRE AU CONCOURS DE TECHNICIEN SUPERIEUR DU MINISTERE EN CHARGE DE L'AGRICULTURE- SPE VETERINAIRE ET ALIMENTAIRE,40,VA
8F10002,CLASSE PREPARATOIRE INTEGREE AUX CONCOURS DE CATEGORIE A DE L'ADMINISTRATION PENITENTIAIRE (ENAP),VC,VD
R018020,RESPONSABLE DE LA COMMUNICATION (BACHELOR) (ESGCV - IICP),12,13
R026923,ASSISTANT(E) TECHNIQUE DES LABORATOIRES PARFUM- COSMETIQUE ET AROMES (ISIPCA),11,14
2215815,SCIENCES ET TECHNOLOGIE- SANTE-SCIENCES DE L'HOMME ET DE LA SOCIETE : FORMATION D'ENSEIGNANTS POUR LE SUPERIEUR (NIVEAU AGREGATION DU SECONDAIRE),XB,XD
2215817,SCIENCES ET TECHNOLOGIE- SANTE-SCIENCES DE L'HOMME ET DE LA SOCIETE : FORMATION D'ENSEIGNANTS POUR LE SUPERIEUR (NIVEAU AGREGATION DU SECONDAIRE),XB,XD
2215821,SCIENCES ET TECHNOLOGIE- SANTE-SCIENCES DE L'HOMME ET DE LA SOCIETE : FORMATION D'ENSEIGNANTS POUR LE SUPERIEUR (NIVEAU AGREGATION DU SECONDAIRE),XB,XD
2215814,SCIENCES ET TECHNOLOGIE- SANTE-SCIENCES DE L'HOMME ET DE LA SOCIETE : FORMATION D'ENSEIGNANTS POUR LE SUPERIEUR (NIVEAU AGREGATION DU SECONDAIRE),XB,XD
2215812,SCIENCES ET TECHNOLOGIE- SANTE-SCIENCES DE L'HOMME ET DE LA SOCIETE : FORMATION D'ENSEIGNANTS POUR LE SUPERIEUR (NIVEAU AGREGATION DU SECONDAIRE),XB,XD
2215823,SCIENCES ET TECHNOLOGIE- SANTE-SCIENCES DE L'HOMME ET DE LA SOCIETE : FORMATION D'ENSEIGNANTS POUR LE SUPERIEUR (NIVEAU AGREGATION DU SECONDAIRE),XB,XD
2215822,SCIENCES ET TECHNOLOGIE- SANTE-SCIENCES DE L'HOMME ET DE LA SOCIETE : FORMATION D'ENSEIGNANTS POUR LE SUPERIEUR (NIVEAU AGREGATION DU SECONDAIRE),XB,XD
2215820,SCIENCES ET TECHNOLOGIE- SANTE-SCIENCES DE L'HOMME ET DE LA SOCIETE : FORMATION D'ENSEIGNANTS POUR LE SUPERIEUR (NIVEAU AGREGATION DU SECONDAIRE),XB,XD
2215813,SCIENCES ET TECHNOLOGIE- SANTE-SCIENCES DE L'HOMME ET DE LA SOCIETE : FORMATION D'ENSEIGNANTS POUR LE SUPERIEUR (NIVEAU AGREGATION DU SECONDAIRE),XB,XD
2215818,SCIENCES ET TECHNOLOGIE- SANTE-SCIENCES DE L'HOMME ET DE LA SOCIETE : FORMATION D'ENSEIGNANTS POUR LE SUPERIEUR (NIVEAU AGREGATION DU SECONDAIRE),XB,XD
2215816,SCIENCES ET TECHNOLOGIE- SANTE-SCIENCES DE L'HOMME ET DE LA SOCIETE : FORMATION D'ENSEIGNANTS POUR LE SUPERIEUR (NIVEAU AGREGATION DU SECONDAIRE),XB,XD
2215819,SCIENCES ET TECHNOLOGIE- SANTE-SCIENCES DE L'HOMME ET DE LA SOCIETE : FORMATION D'ENSEIGNANTS POUR LE SUPERIEUR (NIVEAU AGREGATION DU SECONDAIRE),XB,XD
S000001,DOCTORAT VETERINAIRE,SB,SA
8000182,DIPLOME D'ETAT DE PAYSAGISTE,WA,NH
6000291,INGENIEUR DIPLOME DE L'ECOLE POLYTECHNIQUE FEMININE- SPECIALITE PRODUCTION ET AUTOMATISATION,FI,FN
6000291,INGENIEUR DIPLOME DE L'ECOLE POLYTECHNIQUE FEMININE- SPECIALITE PRODUCTION ET AUTOMATISATION,FM,FN
6003000,FORMATION INGENIEUR HORS SPECIALITE - ANNEE COMMUNE (ECOLES EN 3 ANS),FN,FI
8000376,BACHELOR BIG DATA ET MANAGEMENT,UJ,UK
M000087,DIPLOME SUPERIEUR DE MANAGEMENT INTERNATIONAL DE L'ENTREPRISE DE L'EDHEC,RC,RH
M000010,BACHELOR EN SCIENCES DU MANAGEMENT - PROGRAMME DE GESTION ET MANAGEMENT DES ENTREPRISES D'AUDENCIA BUSINESS SCHOOL,RD,RG
M000096,DIPLOME SUPERIEUR DE MANAGEMENT INTERNATIONAL (EX : INBA) DE SCBS,RC,RH
M000103,DIPLOME MANAGEMENT RELATIONS CLIENTS,RD,RG
M000006,DIPLOME DE L'IPAG - PGE,RB,RA
M000081,DIPLOME DE GESTION ET COMMERCE INTERNATIONAL DE KEDGE BS,RC,RH
M000031,DIPLOME DE L'ECOLE DES PRATICIENS DU COMMERCE INTERNATIONAL DE CERGY,RC,RH
M000091,DIPLOME DE L'ECOLE DE MANAGEMENT LEONARD DE VINCI LA DEFENSE,RC,RA
M000095,BACHELOR EN SCIENCES DU MANAGEMENT - DIPLOME D'ETUDES SUPERIEURES EN MANAGEMENT INTERNATIONAL DE L'EM LYON BUSINESS SCHOOL,RC,RH
M000032,DIPLOME DE L'ECOLE MULTINATIONALE DES AFFAIRES (EBP INTERNATIONAL) - KEDGE BUSINESS SCHOOL,RB,RA
M000099,BACHELOR EN SCIENCES DU MANAGEMENT (ANCIENNEMENT PROGRAMME SUP EST) DE L'ICN,RD,RG
M000091,DIPLOME DE L'ECOLE DE MANAGEMENT LEONARD DE VINCI LA DEFENSE,RB,RA
M000095,BACHELOR EN SCIENCES DU MANAGEMENT - DIPLOME D'ETUDES SUPERIEURES EN MANAGEMENT INTERNATIONAL DE L'EM LYON BUSINESS SCHOOL,99,RH
M000137,BACHELOR EN SCIENCES DU MANAGEMENT - DIPLOME EN MANAGEMENT INTERNATIONAL DE L'ESC CLERMONT,RD,RG
M000057,DIPLOME DE L'ECOLE SUPERIEURE DU COMMERCE EXTERIEUR DE PARIS - PGE,99,RA
M000150,BACHELOR EN SCIENCES DU MANAGEMENT - DIPLOME D'ETUDES SUPERIEURES EN MANAGEMENT INTERNATIONAL DES ENTREPRISES,RC,RH
R027377,MANAGER MARKETING ET DEVELOPPEMENT COMMERCIAL (MBA-MASTERE) (ESGCV - ESGCI),11,08
R016959,EXPERT( E) EN STRATEGIE DIGITALE (MBA) (ECAD - IESA),11,08
R027060,DIRECTEUR(TRICE) D'ETABLISSEMENT DE LUXE DANS L'HOTELLERIE (MBA) (ACADEMIE INTERNATIONALE DE MANAGEMENT),11,08
M000122,DIPLOME STRATEGIE ET DIRIGEANTS DE L'ESSEC,RB,RA
R026152,RESPONSABLE QUALITE- SECURITE/SURETE- ENVIRONNEMENT - CCI PORTES DE NORMANDIE,13,12
M000158,BACHELOR EN SCIENCES DU MANAGEMENT - DIPLOME D'ETUDES SUPERIEURES EN COMMERCE ET ENTREPRENEURIAT DE L'ESCP EUROPE,RD,RG
R017837,MANAGER COMMERCIAL CLIENTS GRANDS COMPTES (NEOMA BS),07,11
M000173,DIPLOME DE GESTION ET MANAGEMENT DES ENTREPRISES (GBM) DE SCBS TROYES,RD,RG
M000174,DIPLOME EN MANAGEMENT INTERNATIONAL DES AFFAIRES (DMIA) DE MONTPELLIER BUSINESS SCHOOL,RD,RG
R015800,MANAGER DES ACHATS (MS) - GRENOBLE EM,10,11
M000205,DIPLOME DE MANAGEMENT INTERNATIONAL DE L'ESSCA,RD,RG
R034238,EXPERT-E EN INGENIERIE PATRIMONIALE (MASTERE) (ESGCV),08,11
M000167,DIPLOME DE MANAGER D'AFFAIRES INTERNATIONALES ET DE PROJETS INNOVANTS DE SKEMA,RB,RA
M000179,BACHELOR EN SCIENCES DU MANAGEMENT - DIPLOME D'ETUDES SUPERIEURES EN AFFAIRES INTERNATIONALES (DESAI) DE L'IESEG,RD,RG
R034199,MANAGER COMMUNICATION D'ENTREPRISE (NEOMA BS),07,11
R034811,EXPERT EN CONTROLE DE GESTION ET AUDIT (MBA ESG),08,11
R034980,RESPONSABLE EN REMUNERATION GLOBALE ET AVANTAGES SOCIAUX (SUP DES RH),10,11
2216199,SCIENCES HUMAINES ET SOCIALES : EDUCATION ET FORMATION,XB,XD
2216200,SCIENCES HUMAINES- SOCIALES ET GESTION : EDUCATION ET FORMATION,XB,XD
2216201,SCIENCES HUMAINES ET SOCIALES : EDUCATION ET FORMATION,XB,XD
2214886,SCIENCES HUMAINES ET SOCIALES : EDUCATION ET FORMATION,XB,XD
5001000,PREMIERE ANNEE COMMUNE AUX ETUDES DE SANTE (PACES),IB,CY
2205104,SCIENCES HUMAINES ET SOCIALES : EDUCATION ET FORMATION,XB,XD
2205105,SCIENCES HUMAINES ET SOCIALES : EDUCATION ET FORMATION,XB,XD
2205100,SCIENCES HUMAINES ET SOCIALES : EDUCATION ET FORMATION,XB,XD
2205102,SCIENCES HUMAINES ET SOCIALES : EDUCATION ET FORMATION,XB,XD
2205103,SCIENCES HUMAINES ET SOCIALES : EDUCATION ET FORMATION,XB,XD
2205101,SCIENCES HUMAINES ET SOCIALES : EDUCATION ET FORMATION,XB,XD
8000030,ANNEE PREPARATOIRE AU DIPLOME D'ETAT D'EDUCATEUR SPECIALISE,UC,UD
R024842,ASSISTANT INGENIEUR EN BIOLOGIE- BIOCHIMIE- BIOTECHNOLOGIES,12,13
2216109,SCIENCES- TECHNOLOGIES- SANTE : METIERS DE L'ENSEIGNEMENT,XB,XD
2215575,ARTS- LETTRES- LANGUES : METIERS DE L'ENSEIGNEMENT,XB,XD
2215916,SCIENCES HUMAINES ET SOCIALES : METIERS DE L'ENSEIGNEMENT,XB,XD
2216106,SCIENCES- TECHNOLOGIES- SANTE : METIERS DE L'ENSEIGNEMENT,XB,XD
2216107,SCIENCES- TECHNOLOGIES- SANTE : METIERS DE L'ENSEIGNEMENT,XB,XD
2216108,SCIENCES- TECHNOLOGIES- SANTE : METIERS DE L'ENSEIGNEMENT,XB,XD
2215574,ARTS- LETTRES- LANGUES : METIERS DE L'ENSEIGNEMENT,XB,XD
2204471,SCIENCES HUMAINES ET SOCIALES : METIERS DE L'ENSEIGNEMENT SCOLAIRE- DE LA FORMATION ET DE LA CULTURE,XB,XD
2215925,SCIENCES HUMAINES ET SOCIALES : METIERS DE L'ENSEIGNEMENT SCOLAIRE- DE LA FORMATION ET DE LA CULTURE,XB,XD
2215924,SCIENCES HUMAINES ET SOCIALES : METIERS DE L'ENSEIGNEMENT SCOLAIRE- DE LA FORMATION ET DE LA CULTURE,XB,XD
2205109,SCIENCES HUMAINES ET SOCIALES : METIERS DE L'ENSEIGNEMENT SCOLAIRE,XB,XD
2215892,SCIENCES HUMAINES ET SOCIALES : HISTOIRE ET HISTOIRE DE L'ART,XB,XD
2215711,DROIT- ECONOMIE- GESTION : METIERS DE L'ENSEIGNEMENT SCOLAIRE,XB,XD
2204399,SCIENCES HUMAINES ET SOCIALES : ENSEIGNEMENT ET FORMATION,XB,XD
2204631,SCIENCES- TECHNOLOGIES- SANTE : ENSEIGNEMENT ET FORMATION,XB,XD
2204397,SCIENCES HUMAINES ET SOCIALES : ENSEIGNEMENT ET FORMATION,XB,XD
2204632,SCIENCES- TECHNOLOGIES- SANTE : ENSEIGNEMENT ET FORMATION,XB,XD
2215562,ARTS- LETTRES- LANGUES : METIERS DE LA FORMATION,XB,XD
2215560,ARTS- LETTRES- LANGUES : METIERS DE LA FORMATION,XB,XD
2216091,SCIENCES- TECHNOLOGIES- SANTE : METIERS DE LA FORMATION,XB,XD
2215908,SCIENCES HUMAINES ET SOCIALES : METIERS DE LA FORMATION,XB,XD
2215906,SCIENCES HUMAINES ET SOCIALES : METIERS DE LA FORMATION,XB,XD
2215558,ARTS- LETTRES- LANGUES : METIERS DE LA FORMATION,XB,XD
2215905,SCIENCES HUMAINES ET SOCIALES : METIERS DE LA FORMATION,XB,XD
2215907,SCIENCES HUMAINES ET SOCIALES : METIERS DE LA FORMATION,XB,XD
2215561,ARTS- LETTRES- LANGUES : METIERS DE LA FORMATION,XB,XD
2215559,ARTS- LETTRES- LANGUES : METIERS DE LA FORMATION,XB,XD
2216092,SCIENCES- TECHNOLOGIES- SANTE : METIERS DE LA FORMATION,XB,XD
2204592,SCIENCES- TECHNOLOGIES- SANTE : CHIMIE,XB,XD
2225482,SCIENCES- TECHNOLOGIES- SANTE : MATHEMATIQUES ET APPLICATIONS,XB,XD
2204707,SCIENCES- TECHNOLOGIES- SANTE : MATHEMATIQUES,XB,XD
2204833,SCIENCES- TECHNOLOGIES- SANTE : SCIENCES DE LA TERRE- DE L'UNIVERS ET DE L'ENVIRONNEMENT,XB,XD
2204577,SCIENCES- TECHNOLOGIES- SANTE : BIOLOGIE ET BIOTECHNOLOGIES,XB,XD
2204525,SCIENCES HUMAINES ET SOCIALES : SOCIOLOGIE - ETHNOLOGIE,XB,XD
2204237,DROIT- ECONOMIE- GESTION : ECONOMIE APPLIQUEE,XB,XD
2204596,SCIENCES- TECHNOLOGIES- SANTE : CHIMIE,XB,XD
2204774,SCIENCES- TECHNOLOGIES- SANTE : PHYSIQUE,XB,XD
2204576,SCIENCES- TECHNOLOGIES- SANTE : BIOLOGIE ET BIOTECHNOLOGIES,XB,XD
2204612,SCIENCES- TECHNOLOGIES- SANTE : ECOLOGIE,XB,XD
2215545,ARTS- LETTRES- LANGUES : LETTRES ET CIVILISATIONS,XB,XD
2216064,SCIENCES- TECHNOLOGIES- SANTE : MATHEMATIQUES,XB,XD
2215548,ARTS- LETTRES- LANGUES : LETTRES ET CIVILISATIONS,XB,XD
2215899,SCIENCES HUMAINES ET SOCIALES : INFORMATION ET COMMUNICATION,XB,XD
2216123,SCIENCES- TECHNOLOGIES- SANTE : PHYSIQUE,XB,XD
2215547,ARTS- LETTRES- LANGUES : LETTRES ET CIVILISATIONS,XB,XD
2215884,SCIENCES HUMAINES ET SOCIALES : HISTOIRE,XB,XD
2215544,ARTS- LETTRES- LANGUES : LETTRES ET CIVILISATIONS,XB,XD
2215546,ARTS- LETTRES- LANGUES : LETTRES ET CIVILISATIONS,XB,XD
2204400,SCIENCES HUMAINES ET SOCIALES : ENSEIGNEMENT- FORMATION- EDUCATION,XB,XD
2204542,SCIENCES HUMAINES ET SOCIALES : TOURISME- HOTELLERIE- ALIMENTATION,XB,XD
2204273,DROIT- ECONOMIE- GESTION : METIERS DE L'ENSEIGNEMENT ET DE LA FORMATION,XB,XD
2204436,SCIENCES HUMAINES ET SOCIALES : INFORMATION-COMMUNICATION,XB,XD
2204328,ARTS- LETTRES ET LANGUES : MUSIQUE,XB,XD
2204402,SCIENCES HUMAINES ET SOCIALES : ENSEIGNEMENT- FORMATION- EDUCATION,XB,XD
2204116,ARTS- LETTRES ET LANGUES : ARTS PLASTIQUES-ARTS APPLIQUES,XB,XD
2204233,ARTS- LETTRES ET LANGUES : LETTRES,XB,XD
2204231,ARTS- LETTRES ET LANGUES : LETTRES,XB,XD
2204124,ARTS- LETTRES ET LANGUES : LANGUES ET CULTURES ETRANGERES,XB,XD
2204122,ARTS- LETTRES ET LANGUES : LANGUES ET CULTURES ETRANGERES,XB,XD
2204423,SCIENCES HUMAINES ET SOCIALES : HISTOIRE- HISTOIRE DE L'ART ET ARCHEOLOGIE,XB,XD
2204401,SCIENCES HUMAINES ET SOCIALES : ENSEIGNEMENT- FORMATION- EDUCATION,XB,XD
2204403,SCIENCES HUMAINES ET SOCIALES : ENSEIGNEMENT- FORMATION- EDUCATION,XB,XD
2204123,ARTS- LETTRES ET LANGUES : LANGUES ET CULTURES ETRANGERES,XB,XD
2204275,DROIT- ECONOMIE- GESTION : METIERS DE L'ENSEIGNEMENT ET DE LA FORMATION,XB,XD
2204414,SCIENCES HUMAINES ET SOCIALES : GEOGRAPHIE ET AMENAGEMENT,XB,XD
2204115,ARTS- LETTRES ET LANGUES : ARTS PLASTIQUES-ARTS APPLIQUES,XB,XD
2204445,SCIENCES HUMAINES ET SOCIALES : METIERS DE L'EDUCATION DE L'ENSEIGNEMENT ET DE LA FORMATION,XB,XD
2215888,SCIENCES HUMAINES ET SOCIALES : HISTOIRE,XB,XD
2215555,ARTS- LETTRES- LANGUES : LETTRES ET LANGUES,XB,XD
2215909,SCIENCES HUMAINES ET SOCIALES : METIERS DE L'EDUCATION DE L'ENSEIGNEMENT ET DE LA FORMATION,XB,XD
2215513,ARTS- LETTRES- LANGUES : DIDACTIQUES DES LANGUES,XB,XD
2216072,SCIENCES- TECHNOLOGIES- SANTE : MATHEMATIQUES ET APPLICATIONS,XB,XD
2216122,SCIENCES- TECHNOLOGIES- SANTE : PHYSIQUE,XB,XD
2216008,SCIENCES- TECHNOLOGIES- SANTE : CHIMIE,XB,XD
2204943,ARTS- LETTRES- LANGUES : METIERS DE L'EDUCATION ET DE LA FORMATION,XB,XD
2204132,ARTS- LETTRES- LANGUES : ARTS- LETTRES ET CIVILISATIONS,XB,XD
2204448,SCIENCES HUMAINES ET SOCIALES : METIERS DE L'EDUCATION ET DE LA FORMATION,XB,XD
2204514,SCIENCES HUMAINES ET SOCIALES : SCIENCES ET TECHNIQUES DES ACTIVITES PHYSIQUES ET SPORTIVES,XB,XD
2204974,DROIT- ECONOMIE- GESTION : ADMINISTRATION- MANAGEMENT ET ECONOMIE DES ORGANISATIONS,XB,XD
2204712,SCIENCES- TECHNOLOGIES- SANTE : MATHEMATIQUES ET APPLICATIONS,XB,XD
2204942,SCIENCES HUMAINES ET SOCIALES : METIERS DE L'EDUCATION ET DE LA FORMATION,XB,XD
2204386,SCIENCES HUMAINES ET SOCIALES : IDENTITES- PATRIMOINES- HISTOIRE,XB,XD
2204599,SCIENCES- TECHNOLOGIES- SANTE : CHIMIE,XB,XD
2204776,SCIENCES- TECHNOLOGIES- SANTE : PHYSIQUE- MECANIQUE,XB,XD
2215578,ARTS- LETTRES- LANGUES : METIERS DE L'ENSEIGNEMENT SCOLAIRE,XB,XD
2204837,SCIENCES- TECHNOLOGIES- SANTE : SCIENCES DE L'ENVIRONNEMENT TERRESTRE,XB,XD
2204754,SCIENCES- TECHNOLOGIES- SANTE : METIERS DE L'ENSEIGNEMENT DE L'EDUCATION ET DE LA FORMATION,XB,XD
2204467,SCIENCES HUMAINES ET SOCIALES : METIERS DE L'ENSEIGNEMENT DE L'EDUCATION ET DE LA FORMATION,XB,XD
2225258,ARTS- LETTRES- LANGUES : METIERS DE L'ENSEIGNEMENT DE L'EDUCATION ET DE LA FORMATION,XB,XD
2204946,ARTS- LETTRES- LANGUES : METIERS DE L'ENSEIGNEMENT- DE L'EDUCATION ET DE LA FORMATION,XB,XD
2204420,SCIENCES HUMAINES ET SOCIALES : HISTOIRE ET HUMANITES,XB,XD
2204166,ARTS- LETTRES- LANGUES : LANGUES ET CULTURES ETRANGERES:AIRE CULTURELLE ARABE- MUSULMANE ET HAMITO-SEMITIQUE,XB,XD
2204169,ARTS- LETTRES- LANGUES : LANGUES ET CULTURES ETRANGERES:AIRE CULTURELLE DU MONDE ANGLOPHONE,XB,XD
2204171,ARTS- LETTRES- LANGUES : LANGUES ET CULTURES ETRANGERES:AIRE CULTURELLE ROMANE,XB,XD
2204215,ARTS- LETTRES- LANGUES : LETTRES,XB,XD
2215866,SCIENCES HUMAINES ET SOCIALES : GEOGRAPHIE,XB,XD
2216068,SCIENCES ET TECHNOLOGIES : MATHEMATIQUES ET APPLICATIONS,XB,XD
2204272,DROIT- ECONOMIE- GESTION : METIERS DE L'ENSEIGNEMENT- DE L'EDUCATION ET DE LA FORMATION,XB,XD
2204755,SCIENCES- TECHNOLOGIES- SANTE : METIERS DE L'ENSEIGNEMENT DE L'EDUCATION ET DE LA FORMATION,XB,XD
2204476,SCIENCES HUMAINES ET SOCIALES : PHILOSOPHIE,XB,XD
2204771,SCIENCES ET TECHNOLOGIES : PHYSIQUE,XB,XD
2216117,SCIENCES- TECHNOLOGIES- SANTE : MICROBIOLOGIE- BIOLOGIE VEGETALE ET BIOTECHNOLOGIES,XB,XD
2204590,SCIENCES ET TECHNOLOGIES : CHIMIE,XB,XD
2204167,ARTS- LETTRES- LANGUES : LANGUES ET CULTURES ETRANGERES:AIRE INTERCULTURELLE FRANCO-ALLEMANDE,XB,XD
2215948,SCIENCES ET TECHNIQUES DES ACTIVITES PHYSIQUES ET SPORTIVES : SCIENCES ET TECHNIQUES DES ACTIVITES PHYSIQUES ET SPORTIVES,XB,XD
2215549,ARTS- LETTRES- LANGUES : ARTS- LETTRES LANGUES ET CIVILISATIONS,XB,XD
2216164,SCIENCES- TECHNOLOGIES- SANTE : SCIENCES DE L'INGENIEUR,XB,XD
2215835,SCIENCES HUMAINES ET SOCIALES : CULTURES- ARTS ET SOCIETES,XB,XD
2216075,SCIENCES- TECHNOLOGIES- SANTE : MATHEMATIQUES ET APPLICATIONS,XB,XD
2215871,SCIENCES HUMAINES ET SOCIALES : GEOGRAPHIE- AMENAGEMENT- SOCIOLOGIE,XB,XD
2200119,ARTS- LETTRES- LANGUES : LANGUES ET CULTURES ETRANGERES,XB,XD
2204865,SCIENCES- TECHNOLOGIES- SANTE : SCIENCES PHYSIQUES ET MATERIAUX,XB,XD
2204591,SCIENCES- TECHNOLOGIES- SANTE : CHIMIE,XB,XD
2204127,ARTS- LETTRES- LANGUES : ARTS ET CULTURE,XB,XD
2204700,SCIENCES- TECHNOLOGIES- SANTE : MATHEMATIQUES,XB,XD
2204660,SCIENCES- TECHNOLOGIES- SANTE : GENIE ELECTRIQUE ET INFORMATIQUE INDUSTRIELLE,XB,XD
2204431,SCIENCES HUMAINES ET SOCIALES : INFORMATION ET COMMUNICATION,XB,XD
6000711,INGENIEUR DIPLOME DE L'UNIVERSITE DE MARNE LA VALLEE- SPECIALITE GENIE CIVIL,FN,FI
6000169,INGENIEUR DIPLOME DE L'UNIVERSITE DE MARNE LA VALLEE- SPECIALITE MECANIQUE,FN,FI
6000155,INGENIEUR DIPLOME DE L'UNIVERSITE DE MARNE LA VALLEE- SPECIALITE MAINTENANCE ET FIABILITE DES PROCESSUS INDUSTRIELS,FN,FI
6000171,INGENIEUR DIPLOME DE L'UNIVERSITE DE MARNE LA VALLEE- SPECIALITE INFORMATIQUE ET RESEAUX,FN,FI
2204704,SCIENCES- TECHNOLOGIES- SANTE : MATHEMATIQUES,XB,XD
2215541,ARTS- LETTRES- LANGUES : LETTRES ET ARTS,XB,XD
2204538,SCIENCES HUMAINES ET SOCIALES : STAPS,XB,XD
2204820,SCIENCES- TECHNOLOGIES- SANTE : SCIENCES DE LA MATIERE,XB,XD
2204240,ARTS- LETTRES- LANGUES : LETTRES ET ARTS,XB,XD
2215961,SCIENCES HUMAINES ET SOCIALES : STAPS,XB,XD
2204419,SCIENCES HUMAINES ET SOCIALES : HISTOIRE,XB,XD
2215881,SCIENCES HUMAINES ET SOCIALES : HISTOIRE,XB,XD
2215579,ARTS- LETTRES- LANGUES : METIERS DE L'ENSEIGNEMENT SCOLAIRE- DE LA FORMATION ET DE LA CULTURE,XB,XD
2215920,SCIENCES HUMAINES ET SOCIALES : METIERS DE L'ENSEIGNEMENT ET DE L'EDUCATION,XB,XD
2215524,ARTS- LETTRES- LANGUES : LANGUES ET CULTURES ETRANGERES,XB,XD
2215989,SCIENCES- TECHNOLOGIES- SANTE : BIOLOGIE ET ENVIRONNEMENT,XB,XD
2215921,SCIENCES HUMAINES ET SOCIALES : METIERS DE L'ENSEIGNEMENT ET DE L'EDUCATION,XB,XD
2215836,SCIENCES HUMAINES ET SOCIALES : CULTURES- TERRITOIRES ET PATRIMOINE,XB,XD
2215834,SCIENCES HUMAINES ET SOCIALES : ANTHROPOLOGIE DES PRATIQUES CORPORELLES,XB,XD
2215837,SCIENCES HUMAINES ET SOCIALES : CULTURES- TERRITOIRES ET PATRIMOINE,XB,XD
2216134,SCIENCES- TECHNOLOGIES- SANTE : PHYSIQUE:PHYSIQUE SUBATOMIQUE- PHYSICO-CHIMIE DE L'ATMOSPHERE ET CLIMAT- MATERIAUX ET NANOSTRUCTURE,XB,XD
2215557,ARTS- LETTRES- LANGUES : LITTERATURES DE L'ANTIQUITE A NOS JOURS,XB,XD
2215523,ARTS- LETTRES- LANGUES : LANGUES ET CULTURES ETRANGERES,XB,XD
2215919,SCIENCES HUMAINES ET SOCIALES : METIERS DE L'ENSEIGNEMENT ET DE L'EDUCATION,XB,XD
2215999,SCIENCES- TECHNOLOGIES- SANTE : CHIMIE,XB,XD
2204135,ARTS- LETTRES- LANGUES : CIVILISATIONS ETRANGERES,XB,XD
2204855,SCIENCES- TECHNOLOGIES- SANTE : SCIENCES ET TECHNIQUES DES ACTIVITES PHYSIQUES ET SPORTIVES,XB,XD
2204585,SCIENCES- TECHNOLOGIES- SANTE : BIOLOGIE- SANTE- ECOLOGIE,XB,XD
2204710,SCIENCES- TECHNOLOGIES- SANTE : MATHEMATIQUES ET APPLICATIONS,XB,XD
2204394,SCIENCES HUMAINES ET SOCIALES : EDUCATION ET FORMATION,XB,XD
2215391,SCIENCES HUMAINES ET SOCIALES : EDUCATION ET FORMATION,XB,XD
2204136,ARTS- LETTRES- LANGUES : CIVILISATIONS ETRANGERES,XB,XD
2204392,SCIENCES HUMAINES ET SOCIALES : EDUCATION ET FORMATION,XB,XD
2204252,ARTS- LETTRES- LANGUES : LINGUISTIQUE,XB,XD
2204868,SCIENCES- TECHNOLOGIES- SANTE : SCIENCES POUR L'INGENIEUR,XB,XD
2204254,ARTS- LETTRES- LANGUES : LINGUISTIQUE,XB,XD
2214887,SCIENCES HUMAINES ET SOCIALES : EDUCATION ET FORMATION,XB,XD
2204137,ARTS- LETTRES- LANGUES : CIVILISATIONS ETRANGERES,XB,XD
2204383,SCIENCES HUMAINES ET SOCIALES : CIVILISATIONS:HISTOIRE ET PATRIMOINE,XB,XD
2204257,ARTS- LETTRES- LANGUES : LITTERATURES,XB,XD
2204260,ARTS- LETTRES- LANGUES : LITTERATURES ET ARTS,XB,XD
2204605,SCIENCES- TECHNOLOGIES- SANTE : CHIMIE ET APPLICATIONS:ENERGIE- MEDICAMENTS ET ENVIRONNEMENT,XB,XD
2202030,SCIENCES HUMAINES ET SOCIALES : EDUCATION ET FORMATION,XB,XD
2204259,ARTS- LETTRES- LANGUES : LITTERATURES ET ARTS,XB,XD
2205000,ARTS- LETTRES- LANGUES : LITTERATURES ET ARTS,XB,XD
2204923,ARTS- LETTRES- LANGUES : LITTERATURES ET ARTS,XB,XD
2204384,SCIENCES HUMAINES ET SOCIALES : CIVILISATIONS:HISTOIRE ET PATRIMOINE,XB,XD
2204408,SCIENCES HUMAINES ET SOCIALES : ESPACES- SOCIETES- ENVIRONNEMENT,XB,XD
2204801,SCIENCES- TECHNOLOGIES- SANTE : PHYSIQUE- MATERIAUX,XB,XD
2204138,ARTS- LETTRES- LANGUES : CIVILISATIONS ETRANGERES,XB,XD
2224770,SCIENCES HUMAINES ET SOCIALES : EDUCATION ET FORMATION,XB,XD
2204393,SCIENCES HUMAINES ET SOCIALES : EDUCATION ET FORMATION,XB,XD
2204989,DROIT- ECONOMIE- GESTION : EDUCATION ET FORMATION,XB,XD
2204615,SCIENCES- TECHNOLOGIES- SANTE : EDUCATION ET FORMATION,XB,XD
2204150,ARTS- LETTRES- LANGUES : EDUCATION ET FORMATION,XB,XD
2204618,SCIENCES- TECHNOLOGIES- SANTE : EDUCATION ET FORMATION,XB,XD
2204616,SCIENCES- TECHNOLOGIES- SANTE : EDUCATION ET FORMATION,XB,XD
2204152,ARTS- LETTRES- LANGUES : EDUCATION ET FORMATION,XB,XD
2204395,SCIENCES HUMAINES ET SOCIALES : EDUCATION ET FORMATION,XB,XD
2204617,SCIENCES- TECHNOLOGIES- SANTE : EDUCATION ET FORMATION,XB,XD
2204151,ARTS- LETTRES- LANGUES : EDUCATION ET FORMATION,XB,XD
2204988,DROIT- ECONOMIE- GESTION : EDUCATION ET FORMATION,XB,XD
2204149,ARTS- LETTRES- LANGUES : EDUCATION ET FORMATION,XB,XD
2204391,SCIENCES HUMAINES ET SOCIALES : EDUCATION ET FORMATION,XB,XD
2204396,SCIENCES HUMAINES ET SOCIALES : EDUCATION ET FORMATION,XB,XD
2204992,DROIT- ECONOMIE- GESTION : EDUCATION ET FORMATION,XB,XD
2204859,SCIENCES- TECHNOLOGIES- SANTE : SCIENCES ET TECHNIQUES DES ACTIVITES PHYSIQUES ET SPORTIVES,XB,XD
2204750,SCIENCES- TECHNOLOGIES- SANTE : METIERS DE L'EDUCATION- DE LA FORMATION ET DE L'ENSEIGNEMENT,XB,XD
2204751,SCIENCES- TECHNOLOGIES- SANTE : METIERS DE L'EDUCATION- DE LA FORMATION ET DE L'ENSEIGNEMENT,XB,XD
2204747,SCIENCES- TECHNOLOGIES- SANTE : METIERS DE L'EDUCATION- DE LA FORMATION ET DE L'ENSEIGNEMENT,XB,XD
2204748,SCIENCES- TECHNOLOGIES- SANTE : METIERS DE L'EDUCATION- DE LA FORMATION ET DE L'ENSEIGNEMENT,XB,XD
2204749,SCIENCES- TECHNOLOGIES- SANTE : METIERS DE L'EDUCATION- DE LA FORMATION ET DE L'ENSEIGNEMENT,XB,XD
2216187,SCIENCES HUMAINES ET SOCIALES : SCIENCES ET METIERS DE L'ENSEIGNEMENT- DE L'EDUCATION ET DE LA FORMATION,XB,XD
2215506,ARTS- LETTRES- LANGUES : ARTS- LETTRES ET LANGUES,XB,XD
2215663,DROIT- ECONOMIE- GESTION : ECONOMIE GESTION ADMINISTRATION,XB,XD
2216169,SCIENCES- TECHNOLOGIES- SANTE : SCIENCES POUR L'INGENIEUR,XB,XD
2216167,SCIENCES- TECHNOLOGIES- SANTE : SCIENCES POUR L'INGENIEUR,XB,XD
2215509,ARTS- LETTRES- LANGUES : ARTS- LETTRES ET LANGUES,XB,XD
2216204,SCIENCES HUMAINES ET SOCIALES : SCIENCES ET METIERS DE L'ENSEIGNEMENT- DE L'EDUCATION ET DE LA FORMATION,XB,XD
2204515,SCIENCES HUMAINES ET SOCIALES : SCIENCES ET TECHNIQUES DES ACTIVITES PHYSIQUES ET SPORTIVES,XB,XD
2216007,SCIENCES- TECHNOLOGIES- SANTE : CHIMIE,XB,XD
2215508,ARTS- LETTRES- LANGUES : ARTS- LETTRES ET LANGUES,XB,XD
2215886,SCIENCES HUMAINES ET SOCIALES : HISTOIRE,XB,XD
2216194,SCIENCES- TECHNOLOGIES- SANTE : MATHEMATIQUES ET APPLICATIONS,XB,XD
2216151,SCIENCES- TECHNOLOGIES- SANTE : SCIENCES DU VIVANT ET DE L'ENVIRONNEMENT,XB,XD
2215947,SCIENCES HUMAINES ET SOCIALES : SCIENCES ET TECHNIQUES DES ACTIVITES PHYSIQUES ET SPORTIVES,XB,XD
2215510,ARTS- LETTRES- LANGUES : ARTS- LETTRES ET LANGUES,XB,XD
2215664,DROIT- ECONOMIE- GESTION : ECONOMIE GESTION ADMINISTRATION,XB,XD
2216071,SCIENCES- TECHNOLOGIES- SANTE : MATHEMATIQUES ET APPLICATIONS,XB,XD
2216150,SCIENCES- TECHNOLOGIES- SANTE : SCIENCES DU VIVANT ET DE L'ENVIRONNEMENT,XB,XD
2216152,SCIENCES- TECHNOLOGIES- SANTE : SCIENCES DU VIVANT ET DE L'ENVIRONNEMENT,XB,XD
2216166,SCIENCES- TECHNOLOGIES- SANTE : SCIENCES POUR L'INGENIEUR,XB,XD
2204190,ARTS- LETTRES- LANGUES : LANGUES- CULTURES ET INTERCULTURALITE,XB,XD
2204432,SCIENCES HUMAINES ET SOCIALES : INFORMATION- COMMUNICATION- CULTURE ET DOCUMENTATION,XB,XD
2204519,SCIENCES HUMAINES ET SOCIALES : SCIENCES HISTORIQUES,XB,XD
2204189,ARTS- LETTRES- LANGUES : LANGUES- CULTURES ET INTERCULTURALITE,XB,XD
2204224,ARTS- LETTRES- LANGUES : LETTRES,XB,XD
2204187,ARTS- LETTRES- LANGUES : LANGUES- CULTURES ET INTERCULTURALITE,XB,XD
2204142,ARTS- LETTRES- LANGUES : CREATION ET ETUDE DES ARTS CONTEMPORAINS,XB,XD
2204143,ARTS- LETTRES- LANGUES : CREATION ET ETUDE DES ARTS CONTEMPORAINS,XB,XD
2204494,SCIENCES HUMAINES ET SOCIALES : SCIENCES DE L'ANTIQUITE,XB,XD
2204192,ARTS- LETTRES- LANGUES : LANGUES- CULTURES ET INTERCULTURALITE,XB,XD
2215593,ARTS- LETTRES- LANGUES- SCIENCES HUMAINES ET SOCIALES- SCIENCES- TECHNOLOGIES- SANTE : ENSEIGNEMENT ET FORMATION,XB,XD
2215592,ARTS- LETTRES- LANGUES- SCIENCES HUMAINES ET SOCIALES- SCIENCES- TECHNOLOGIES- SANTE : ENSEIGNEMENT ET FORMATION,XB,XD
2215883,SCIENCES HUMAINES ET SOCIALES : INTERVENTION- EDUCATION ET FORMATION,XB,XD
2216034,SCIENCES- TECHNOLOGIES- SANTE : ENSEIGNEMENT- FORMATION ET CULTURE SCIENTIFIQUES,XB,XD
2216033,SCIENCES- TECHNOLOGIES- SANTE : ENSEIGNEMENT- FORMATION ET CULTURE SCIENTIFIQUES,XB,XD
2215885,SCIENCES HUMAINES ET SOCIALES : HISTOIRE,XB,XD
2215594,ARTS- LETTRES- LANGUES- SCIENCES HUMAINES ET SOCIALES- SCIENCES- TECHNOLOGIES- SANTE : ENSEIGNEMENT ET FORMATION,XB,XD
2215536,ARTS- LETTRES- LANGUES : LANGUES- IDEES- SOCIETES,XB,XD
2215878,SCIENCES HUMAINES ET SOCIALES : INTERVENTION- EDUCATION ET FORMATION,XB,XD
2215588,ARTS- LETTRES- LANGUES : TEXTES- CULTURE- PUBLICS,XB,XD
2216032,SCIENCES- TECHNOLOGIES- SANTE : ENSEIGNEMENT- FORMATION ET CULTURE SCIENTIFIQUES,XB,XD
2215870,SCIENCES HUMAINES ET SOCIALES : GEOGRAPHIE- ENVIRONNEMENT ET AMENAGEMENT,XB,XD
2216121,SCIENCES- TECHNOLOGIES- SANTE : PHYSIQUE,XB,XD
2216006,SCIENCES- TECHNOLOGIES- SANTE : CHIMIE,XB,XD
2216081,SCIENCES- TECHNOLOGIES- SANTE : MATHEMATIQUES- INFORMATIQUE- SCIENCES PHYSIQUES- METIERS DE L'ENSEIGNEMENT- DE L'INFORMATION,XB,XD
2216080,SCIENCES- TECHNOLOGIES- SANTE : MATHEMATIQUES- INFORMATIQUE- SCIENCES PHYSIQUES- METIERS DE L'ENSEIGNEMENT- DE L'INFORMATION,XB,XD
2204154,ARTS- LETTRES- LANGUES : ENSEIGNEMENT ET FORMATION,XB,XD
2204155,ARTS- LETTRES- LANGUES : ENSEIGNEMENT ET FORMATION,XB,XD
2204153,ARTS- LETTRES- LANGUES : ENSEIGNEMENT ET FORMATION,XB,XD
2204398,SCIENCES HUMAINES ET SOCIALES : ENSEIGNEMENT ET FORMATION,XB,XD
2204629,SCIENCES- TECHNOLOGIES- SANTE : ENSEIGNEMENT ET FORMATION,XB,XD
2215894,SCIENCES HUMAINES ET SOCIALES : HISTOIRE ET DOCUMENT,XB,XD
2204466,SCIENCES HUMAINES ET SOCIALES : METIERS DE L'EDUCATION- DE L'ENSEIGNEMENT ET DE LA FORMATION (MEEF),XB,XD
2215913,SCIENCES HUMAINES ET SOCIALES : METIERS DE L'EDUCATION- DE L'ENSEIGNEMENT ET DE LA FORMATION (MEEF),XB,XD
2215553,ARTS- LETTRES- LANGUES : LETTRES ET LANGUES,XB,XD
2215736,DROIT- ECONOMIE- GESTION : STRATEGIE ET INGENIERIE ECONOMIQUE (SIE),XB,XD
2215554,ARTS- LETTRES- LANGUES : LETTRES ET LANGUES,XB,XD
2215893,SCIENCES HUMAINES ET SOCIALES : HISTOIRE ET DOCUMENT,XB,XD
2225525,SCIENCES- TECHNOLOGIES- SANTE : SCIENCES ET TECHNIQUES DES ACTIVITES PHYSIQUES ET SPORTIVES,XB,XD
2204925,ARTS- LETTRES- LANGUES : METIERS DE L'EDUCATION ET DE LA FORMATION,XB,XD
2204455,SCIENCES HUMAINES ET SOCIALES : METIERS DE L'EDUCATION ET DE LA FORMATION,XB,XD
2204935,ARTS- LETTRES- LANGUES : METIERS DE L'EDUCATION ET DE LA FORMATION,XB,XD
2204457,SCIENCES HUMAINES ET SOCIALES : METIERS DE L'EDUCATION ET DE LA FORMATION,XB,XD
2204937,ARTS- LETTRES- LANGUES : METIERS DE L'EDUCATION ET DE LA FORMATION,XB,XD
2204928,ARTS- LETTRES- LANGUES : METIERS DE L'EDUCATION ET DE LA FORMATION,XB,XD
2204739,SCIENCES- TECHNOLOGIES- SANTE : METIERS DE L'EDUCATION ET DE LA FORMATION,XB,XD
2204941,ARTS- LETTRES- LANGUES : METIERS DE L'EDUCATION ET DE LA FORMATION,XB,XD
2204930,ARTS- LETTRES- LANGUES : METIERS DE L'EDUCATION ET DE LA FORMATION,XB,XD
2204927,ARTS- LETTRES- LANGUES : METIERS DE L'EDUCATION ET DE LA FORMATION,XB,XD
2204456,SCIENCES HUMAINES ET SOCIALES : METIERS DE L'EDUCATION ET DE LA FORMATION,XB,XD
2204933,ARTS- LETTRES- LANGUES : METIERS DE L'EDUCATION ET DE LA FORMATION,XB,XD
2204458,SCIENCES HUMAINES ET SOCIALES : METIERS DE L'EDUCATION ET DE LA FORMATION,XB,XD
2204931,ARTS- LETTRES- LANGUES : METIERS DE L'EDUCATION ET DE LA FORMATION,XB,XD
2216069,SCIENCES- TECHNOLOGIES- SANTE : MATHEMATIQUES ET APPLICATIONS,XB,XD
2216014,SCIENCES- TECHNOLOGIES- SANTE : ECOLOGIE,XB,XD
2216131,SCIENCES- TECHNOLOGIES- SANTE : PHYSIQUE- CHIMIE,XB,XD
2216132,SCIENCES- TECHNOLOGIES- SANTE : PHYSIQUE- CHIMIE,XB,XD
2204239,DROIT- ECONOMIE- GESTION : ECONOMIE ET GESTION DE L'ENTREPRISE,XB,XD
2204496,SCIENCES HUMAINES ET SOCIALES : SCIENCES DE L'EDUCATION,XB,XD
2215842,SCIENCES HUMAINES ET SOCIALES : EDUCATION ET FORMATION,XB,XD
2216192,SCIENCES- TECHNOLOGIES- SANTE : SCIENCES DU SPORT,XB,XD
2215974,SCIENCES- TECHNOLOGIES- SANTE : MATHEMATIQUES ET INFORMATIQUE,XB,XD
2204560,SCIENCES- TECHNOLOGIES- SANTE : MATHEMATIQUES ET INFORMATIQUE,XB,XD
2215438,SCIENCES- TECHNOLOGIES- SANTE : MATHEMATIQUES ET INFORMATIQUE,XB,XD
2215853,SCIENCES HUMAINES ET SOCIALES : EDUCATION ET FORMATION,XB,XD
2205009,SCIENCES- TECHNOLOGIES- SANTE : SCIENCES DU SPORT,XB,XD
2204759,SCIENCES- TECHNOLOGIES- SANTE : METIERS DE L'ENSEIGNEMENT SCOLAIRE,XB,XD
2216114,SCIENCES- TECHNOLOGIES- SANTE : METIERS DE L'ENSEIGNEMENT SCOLAIRE,XB,XD
2216171,SCIENCES- TECHNOLOGIES- SANTE : SPORT- SANTE- SOCIETE,XB,XD
2216079,SCIENCES- TECHNOLOGIES- SANTE : MATHEMATIQUES- INFORMATIQUE,XB,XD
2215980,SCIENCES- TECHNOLOGIES- SANTE : BIOLOGIE,XB,XD
2216011,SCIENCES- TECHNOLOGIES- SANTE : CHIMIE ET PROCEDES,XB,XD
2216085,SCIENCES- TECHNOLOGIES- SANTE : MECANIQUE- ENERGETIQUE ET INGENIERIE,XB,XD
2204724,SCIENCES- TECHNOLOGIES- SANTE : MATHEMATIQUES FONDAMENTALES ET APPLIQUEES (MFA),XB,XD
2216000,SCIENCES- TECHNOLOGIES- SANTE : CHIMIE,XB,XD
2216078,SCIENCES- TECHNOLOGIES- SANTE : MATHEMATIQUES FONDAMENTALES ET APPLIQUEES (MFA),XB,XD
2216038,SCIENCES- TECHNOLOGIES- SANTE : ENVIRONNEMENT,XB,XD
2216126,SCIENCES- TECHNOLOGIES- SANTE : PHYSIQUE APPLIQUEE ET MECANIQUE,XB,XD
2204792,SCIENCES- TECHNOLOGIES- SANTE : PHYSIQUE FONDAMENTALE,XB,XD
2216017,SCIENCES- TECHNOLOGIES- SANTE : EDUCATION ET ENSEIGNEMENT PRIMAIRE,XB,XD
2215732,DROIT- ECONOMIE- GESTION : SCIENCES DU SPORT ET SOCIETE,XB,XD
2216148,SCIENCES- TECHNOLOGIES- SANTE : SCIENCES DU SPORT ET DE LA MOTRICITE,XB,XD
2215577,ARTS- LETTRES- LANGUES : METIERS DE L'ENSEIGNEMENT SCOLAIRE,XB,XD
2216120,SCIENCES- TECHNOLOGIES- SANTE : PHYSIQUE,XB,XD
2216113,SCIENCES- TECHNOLOGIES- SANTE : METIERS DE L'ENSEIGNEMENT SCOLAIRE,XB,XD
2215922,SCIENCES HUMAINES ET SOCIALES : METIERS DE L'ENSEIGNEMENT SCOLAIRE,XB,XD
2204344,SCIENCES- TECHNOLOGIES- SANTE : SCIENCES DE L'UNIVERS- ENVIRONNEMENT- ECOLOGIE,XB,XD
2204340,SCIENCES- TECHNOLOGIES- SANTE : MATHEMATIQUES ET APPLICATIONS,XB,XD
2204342,SCIENCES- TECHNOLOGIES- SANTE : PHYSIQUE ET APPLICATIONS,XB,XD
2204335,SCIENCES- TECHNOLOGIES- SANTE : BIOLOGIE MOLECULAIRE ET CELLULAIRE,XB,XD
2204336,SCIENCES- TECHNOLOGIES- SANTE : CHIMIE,XB,XD
2216067,SCIENCES- TECHNOLOGIES- SANTE : MATHEMATIQUES,XB,XD
2216186,SCIENCES HUMAINES ET SOCIALES : LETTRES- LANGUES ET SCIENCES HUMAINES,XB,XD
2216159,SCIENCES- TECHNOLOGIES- SANTE : SCIENCES ET TECHNIQUES DES ACTIVITES PHYSIQUES ET SPORTIVES,XB,XD
2216180,ARTS- LETTRES- LANGUES : LETTRES- LANGUES ET SCIENCES HUMAINES,XB,XD
2215504,ARTS- LETTRES- LANGUES : ARTS,XB,XD
2216168,SCIENCES- TECHNOLOGIES- SANTE : SCIENCES POUR L'INGENIEUR,XB,XD
2216179,ARTS- LETTRES- LANGUES : LETTRES- LANGUES ET SCIENCES HUMAINES,XB,XD
2215802,LETTRES- SCIENCES HUMAINES ET SOCIALES : METIERS DE L'ENSEIGNEMENT DE L'EDUCATION ET DE LA FORMATION,XB,XD
2215800,LETTRES- SCIENCES HUMAINES ET SOCIALES : LETTRES ET LANGUES,XB,XD
2215805,LETTRES- SCIENCES HUMAINES ET SOCIALES : STAPS,XB,XD
2225330,LETTRES- SCIENCES HUMAINES ET SOCIALES : METIERS DE L'ENSEIGNEMENT DE L'EDUCATION ET DE LA FORMATION,XB,XD
2215801,LETTRES- SCIENCES HUMAINES ET SOCIALES : METIERS DE L'ENSEIGNEMENT DE L'EDUCATION ET DE LA FORMATION,XB,XD
2215799,LETTRES- SCIENCES HUMAINES ET SOCIALES : LETTRES ET LANGUES,XB,XD
2215798,LETTRES- SCIENCES HUMAINES ET SOCIALES : LETTRES ET LANGUES,XB,XD
2215797,LETTRES- SCIENCES HUMAINES ET SOCIALES : LETTRES ET LANGUES,XB,XD
2215795,LETTRES- SCIENCES HUMAINES ET SOCIALES : LANGAGES- CULTURES ET COMMUNICATION,XB,XD
2216055,SCIENCES- TECHNOLOGIES- SANTE : INFORMATIQUE ET MATHEMATIQUES,XB,XD
2215684,DROIT- ECONOMIE- GESTION : MANAGEMENT,XB,XD
2215803,LETTRES- SCIENCES HUMAINES ET SOCIALES : OCEAN INDIEN:GEOGRAPHIE ET HISTOIRE,XB,XD
2216135,SCIENCES- TECHNOLOGIES- SANTE : PHYSIQUE-CHIMIE,XB,XD
2216024,SCIENCES- TECHNOLOGIES- SANTE : EDUCATION ET FORMATION EN SCIENCES ET TECHNIQUES,XB,XD
2216026,SCIENCES- TECHNOLOGIES- SANTE : EDUCATION ET FORMATION EN SCIENCES ET TECHNIQUES,XB,XD
2216023,SCIENCES- TECHNOLOGIES- SANTE : EDUCATION ET FORMATION EN SCIENCES ET TECHNIQUES,XB,XD
2216173,SCIENCES- TECHNOLOGIES- SANTE : STAPS,XB,XD
2215926,SCIENCES HUMAINES ET SOCIALES : METIERS DE L'ENSEIGNEMENT SECONDAIRE,XB,XD
2216156,SCIENCES- TECHNOLOGIES- SANTE : SCIENCES ET TECHNIQUES DES ACTIVITES PHYSIQUES ET SPORTIVES,XB,XD
2225252,ARTS- LETTRES- LANGUES : LETTRES,XB,XD
2204986,DROIT- ECONOMIE- GESTION : ECONOMIE ET SOCIETE,XB,XD
2215954,SCIENCES HUMAINES ET SOCIALES : SCIENCES POUR LES METIERS DE L'ENSEIGNEMENT- DE L'EDUCATION ET DE LA FORMATION,XB,XD
2215950,SCIENCES HUMAINES ET SOCIALES : SCIENCES POUR LES METIERS DE L'ENSEIGNEMENT- DE L'EDUCATION ET DE LA FORMATION,XB,XD
2215953,SCIENCES HUMAINES ET SOCIALES : SCIENCES POUR LES METIERS DE L'ENSEIGNEMENT- DE L'EDUCATION ET DE LA FORMATION,XB,XD
2215951,SCIENCES HUMAINES ET SOCIALES : SCIENCES POUR LES METIERS DE L'ENSEIGNEMENT- DE L'EDUCATION ET DE LA FORMATION,XB,XD
2215952,SCIENCES HUMAINES ET SOCIALES : SCIENCES POUR LES METIERS DE L'ENSEIGNEMENT- DE L'EDUCATION ET DE LA FORMATION,XB,XD
8000094,DIPLOME DU COLLEGE UNIVERSITAIRE DE SCIENCES PO,UX,UP
2205001,ARTS- LETTRES- LANGUES : METIERS DES LANGUES ET CULTURES ETRANGERES,XB,XD
2215590,ARTS- LETTRES- LANGUES- SCIENCES- SCIENCES HUMAINES ET SOCIALES : EDUQUER- ENSEIGNER- APPRENDRE,XB,XD
2204390,SCIENCES HUMAINES ET SOCIALES : CULTURES- SOCIETES- ESPACES:MONDES MODERNES ET CONTEMPORAINS,XB,XD
2204290,DROIT- ECONOMIE- GESTION : SCIENCES ECONOMIQUES,XB,XD
2215589,ARTS- LETTRES- LANGUES- SCIENCES- SCIENCES HUMAINES ET SOCIALES : EDUQUER- ENSEIGNER- APPRENDRE,XB,XD
2204505,SCIENCES HUMAINES ET SOCIALES : SCIENCES ET TECHNIQUES DES ACTIVITES PHYSIQUES ET SPORTIVES,XB,XD
2204389,SCIENCES HUMAINES ET SOCIALES : CULTURES- SOCIETES- ESPACES:MONDES MODERNES ET CONTEMPORAINS,XB,XD
2204713,SCIENCES- TECHNOLOGIES- SANTE : MATHEMATIQUES ET APPLICATIONS,XB,XD
2204823,SCIENCES- TECHNOLOGIES- SANTE : SCIENCES DE LA MATIERE,XB,XD
2204821,SCIENCES- TECHNOLOGIES- SANTE : SCIENCES DE LA MATIERE,XB,XD
2204287,DROIT- ECONOMIE- GESTION : SCIENCES DU MANAGEMENT,XB,XD
2204570,SCIENCES- TECHNOLOGIES- SANTE : SCIENCES DE LA VIE ET DE LA SANTE,XB,XD
2204160,ARTS- LETTRES- LANGUES : INFORMATION- COMMUNICATION- CULTURE,XB,XD
2204388,SCIENCES HUMAINES ET SOCIALES : MONDES ANCIENS ET MEDIEVAUX- TERRITOIRES- ENVIRONNEMENT DU PASSE,XB,XD
2215838,SCIENCES HUMAINES ET SOCIALES : EDUCATION ET FORMATION,XB,XD
2215844,SCIENCES HUMAINES ET SOCIALES : EDUCATION ET FORMATION,XB,XD
2215848,SCIENCES HUMAINES ET SOCIALES : EDUCATION ET FORMATION,XB,XD
2215839,SCIENCES HUMAINES ET SOCIALES : EDUCATION ET FORMATION,XB,XD
2216174,SCIENCES- TECHNOLOGIES- SANTE : TRANSFORMATION ET VALORISATION DES RESSOURCES NATURELLES,XB,XD
2215855,SCIENCES HUMAINES ET SOCIALES : EDUCATION ET FORMATION,XB,XD
2215845,SCIENCES HUMAINES ET SOCIALES : EDUCATION ET FORMATION,XB,XD
2204876,SCIENCES- TECHNOLOGIES- SANTE : SCIENCES- INGENIERIE ET METIERS DU SPORT,XB,XD
2216127,SCIENCES- TECHNOLOGIES- SANTE : PHYSIQUE ET SCIENCES DE L'INGENIEUR,XB,XD
2216097,SCIENCES- TECHNOLOGIES- SANTE : METIERS DE LA FORMATION AUX TECHNOLOGIES DE L'INDUSTRIE- DE LA GESTION ET DE LA SANTE,XB,XD
2215856,SCIENCES HUMAINES ET SOCIALES : EDUCATION- TRAVAIL ET FORMATION,XB,XD
2215995,SCIENCES- TECHNOLOGIES- SANTE : BIOLOGIE-BIORESSOURCES,XB,XD
2216094,SCIENCES- TECHNOLOGIES- SANTE : METIERS DE LA FORMATION AUX TECHNOLOGIES DE L'INDUSTRIE- DE LA GESTION ET DE LA SANTE,XB,XD
2205034,SCIENCES- TECHNOLOGIES- SANTE : CHIMIE - MATERIAUX,XB,XD
2215868,SCIENCES HUMAINES ET SOCIALES : GEOGRAPHIE ET AMENAGEMENT,XB,XD
2216095,SCIENCES- TECHNOLOGIES- SANTE : METIERS DE LA FORMATION AUX TECHNOLOGIES DE L'INDUSTRIE- DE LA GESTION ET DE LA SANTE,XB,XD
2215857,SCIENCES HUMAINES ET SOCIALES : EDUCATION- TRAVAIL ET FORMATION,XB,XD
2205035,ARTS- LETTRES- LANGUES : LANGUES ET CULTURES ETRANGERES,XB,XD
2215522,ARTS- LETTRES- LANGUES : LANGUES ET CULTURES ETRANGERES,XB,XD
2215540,ARTS- LETTRES- LANGUES : LETTRES,XB,XD
2215874,SCIENCES HUMAINES ET SOCIALES : GEOGRAPHIE ET AMENAGEMENT,XB,XD
2205036,ARTS- LETTRES- LANGUES : LETTRES,XB,XD
2215869,SCIENCES HUMAINES ET SOCIALES : GEOGRAPHIE ET AMENAGEMENT,XB,XD
2216096,SCIENCES- TECHNOLOGIES- SANTE : METIERS DE LA FORMATION AUX TECHNOLOGIES DE L'INDUSTRIE- DE LA GESTION ET DE LA SANTE,XB,XD
2216093,SCIENCES- TECHNOLOGIES- SANTE : METIERS DE LA FORMATION AUX TECHNOLOGIES DE L'INDUSTRIE- DE LA GESTION ET DE LA SANTE,XB,XD
2205037,SCIENCES HUMAINES ET SOCIALES : HISTOIRE,XB,XD
2215537,ARTS- LETTRES- LANGUES : LETTRES,XB,XD
2205033,SCIENCES- TECHNOLOGIES- SANTE : BIOLOGIE-BIORESSOURCES,XB,XD
2215573,ARTS- LETTRES- LANGUES : METIERS DE L'EDUCATION- DE L'ENSEIGNEMENT- DE LA FORMATION ET DE L'ACCOMPAGNEMENT,XB,XD
2215915,SCIENCES HUMAINES ET SOCIALES : METIERS DE L'EDUCATION- DE L'ENSEIGNEMENT- DE LA FORMATION ET DE L'ACCOMPAGNEMENT,XB,XD
2205063,SCIENCES HUMAINES ET SOCIALES : HISTOIRE,XB,XD
2205059,ARTS- LETTRES- LANGUES : LETTRES- LANGUES ET AFFAIRES INTERNATIONALES,XB,XD
2215556,ARTS- LETTRES- LANGUES : LETTRES- LANGUES ET AFFAIRES INTERNATIONALES,XB,XD
2216099,SCIENCES- TECHNOLOGIES- SANTE : METIERS DE L'EDUCATION- DE L'ENSEIGNEMENT DE LA FORMATION ET DE L'ACCOMPAGNEMENT,XB,XD
2205064,SCIENCES- TECHNOLOGIES- SANTE : SCIENCES BIOLOGIQUES,XB,XD
2215708,DROIT- ECONOMIE- GESTION : METIERS DE L'EDUCATION- DE L'ENSEIGNEMENT- DE LA FORMATION ET DE L'ACCOMPAGNEMENT,XB,XD
2216158,SCIENCES- TECHNOLOGIES- SANTE : SCIENCES ET TECHNIQUES DES ACTIVITES PHYSIQUES ET SPORTIVES,XB,XD
2215872,SCIENCES HUMAINES ET SOCIALES : GEOGRAPHIE ET AMENAGEMENT,XB,XD
2205066,SCIENCES- TECHNOLOGIES- SANTE : MATHEMATIQUES,XB,XD
2205082,SCIENCES- TECHNOLOGIES- SANTE : SCIENCES ET TECHNIQUES DES ACTIVITES PHYSIQUES ET SPORTIVES,XB,XD
2216129,SCIENCES- TECHNOLOGIES- SANTE : ENERGIE ET MATERIAUX,XB,XD
2215887,SCIENCES HUMAINES ET SOCIALES : HISTOIRE,XB,XD
2215681,DROIT- ECONOMIE- GESTION : INGENIERIE ECONOMIQUE,XB,XD
2215981,SCIENCES- TECHNOLOGIES- SANTE : SCIENCES BIOLOGIQUES,XB,XD
2205067,SCIENCES- TECHNOLOGIES- SANTE : ENERGIE ET MATERIAUX,XB,XD
2216066,SCIENCES- TECHNOLOGIES- SANTE : MATHEMATIQUES,XB,XD
2205065,SCIENCES- TECHNOLOGIES- SANTE : CHIMIE DES MOLECULES BIOACTIVES,XB,XD
2216004,SCIENCES- TECHNOLOGIES- SANTE : CHIMIE DES MOLECULES BIOACTIVES,XB,XD
2205107,SCIENCES HUMAINES ET SOCIALES : HISTOIRE- HISTOIRE DE L'ART,XB,XD
2215580,ARTS- LETTRES- LANGUES - SCIENCES HUMAINES ET SOCIALES - SCIENCES- TECHNOLOGIES- SANTE : METIERS DE L'ENSEIGNEMENT- DE L'EDUCATION ET DE LA FORMATION,XB,XD
2215581,ARTS- LETTRES- LANGUES - SCIENCES HUMAINES ET SOCIALLES  - SCIENCES- TECHNOLOGIES- SANTE : METIERS DE L'ENSEIGNEMENT- DE L'EDUCATION ET DE LA FORMATION,XB,XD
2204161,ARTS- LETTRES- LANGUES : LANGUES,XB,XD
2204537,SCIENCES HUMAINES ET SOCIALES : STAPS,XB,XD
2204822,SCIENCES- TECHNOLOGIES- SANTE : SCIENCES DE LA MATIERE,XB,XD
2204709,SCIENCES- TECHNOLOGIES- SANTE : MATHEMATIQUES ET APPLICATIONS,XB,XD
2204242,ARTS- LETTRES- LANGUES : LETTRES- ARTS- HUMANITES ET THEATRES DU MONDE,XB,XD
2204413,SCIENCES HUMAINES ET SOCIALES : GEOGRAPHIE AMENAGEMENT ENVIRONNEMENT,XB,XD
2204852,SCIENCES- TECHNOLOGIES- SANTE : ECO SYSTEMES ET ENVIRONNEMENT,XB,XD
2215659,DROIT- ECONOMIE- GESTION : ECONOMIE-GESTION,XB,XD
2204900,SCIENCES- TECHNOLOGIES- SANTE/ARTS- LETTRES- LANGUES : METIERS DE L'EDUCATION ET DE LA FORMATION,XB,XD
2204898,SCIENCES- TECHNOLOGIES- SANTE/ARTS- LETTRES- LANGUES : METIERS DE L'EDUCATION ET DE LA FORMATION,XB,XD
2204896,SCIENCES- TECHNOLOGIES- SANTE/ARTS- LETTRES- LANGUES : METIERS DE L'EDUCATION ET DE LA FORMATION,XB,XD
2204899,SCIENCES- TECHNOLOGIES- SANTE/ARTS- LETTRES- LANGUES : METIERS DE L'EDUCATION ET DE LA FORMATION,XB,XD
2204561,SCIENCES- TECHNOLOGIES- SANTE/ARTS- LETTRES- LANGUES : METIERS DE L'EDUCATION ET DE LA FORMATION,XB,XD
2216162,SCIENCES- TECHNOLOGIES- SANTE : SCIENCES ET TECHNOLOGIES DES ACTIVITES PHYSIQUES ET SPORTIVES,XB,XD
2216077,SCIENCES- TECHNOLOGIES- SANTE : MATHEMATIQUES ET SCIENCES POUR L'INGENIEUR,XB,XD
2216076,SCIENCES- TECHNOLOGIES- SANTE : MATHEMATIQUES ET SCIENCES POUR L'INGENIEUR,XB,XD
2215551,ARTS- LETTRES- LANGUES : LETTRES ET LANGUES,XB,XD
2215550,ARTS- LETTRES- LANGUES : LETTRES ET LANGUES,XB,XD
2215552,ARTS- LETTRES- LANGUES : LETTRES ET LANGUES,XB,XD
2215831,SCIENCES HUMAINES ET SOCIALES : HISTOIRE,XB,XD
2204129,ARTS- LETTRES- LANGUES : ARTS PLASTIQUES,XB,XD
2204206,ARTS- LETTRES- LANGUES : LANGUES- LITTERATURES ET CIVILISATIONS ETRANGERES ET REGIONALES,XB,XD
2204203,ARTS- LETTRES- LANGUES : LANGUES- LITTERATURES ET CIVILISATIONS ETRANGERES ET REGIONALES,XB,XD
2204221,ARTS- LETTRES- LANGUES : LETTRES,XB,XD
2204208,ARTS- LETTRES- LANGUES : LANGUES- LITTERATURES ET CIVILISATIONS ETRANGERES ET REGIONALES,XB,XD
2204430,SCIENCES HUMAINES ET SOCIALES : INFORMATION ET COMMUNICATION,XB,XD
2204200,ARTS- LETTRES- LANGUES : LANGUES- LITTERATURES ET CIVILISATIONS ETRANGERES ET REGIONALES,XB,XD
2204965,DROIT- ECONOMIE- GESTION : MANAGEMENT DES RESSOURCES HUMAINES ET DU DEVELOPPEMENT SOCIAL,XB,XD
2204904,ARTS- LETTRES- LANGUES : MUSIQUE,XB,XD
2204219,ARTS- LETTRES- LANGUES : LETTRES,XB,XD
2204757,SCIENCES- TECHNOLOGIES- SANTE : METIERS DE L'ENSEIGNEMENT ET DE LA FORMATION,XB,XD
2215890,SCIENCES HUMAINES ET SOCIALES : HISTOIRE CULTURELLE ET SOCIALE,XB,XD
2215972,SCIENCES HUMAINES ET SOCIALES/ARTS- LETTRES- LANGUES : LITTERATURES- CIVILISATIONS- LANGAGE,XB,XD
2215973,SCIENCES HUMAINES ET SOCIALES/ARTS- LETTRES- LANGUES : LITTERATURES- CIVILISATIONS- LANGAGE,XB,XD
2204469,SCIENCES HUMAINES ET SOCIALES : METIERS DE L'ENSEIGNEMENT ET DE LA FORMATION,XB,XD
2215971,SCIENCES HUMAINES ET SOCIALES/ARTS- LETTRES- LANGUES : LITTERATURES- CIVILISATIONS- LANGAGE,XB,XD
2215918,SCIENCES HUMAINES ET SOCIALES : METIERS DE L'ENSEIGNEMENT ET DE LA FORMATION,XB,XD
2216074,SCIENCES- TECHNOLOGIES- SANTE : MATHEMATIQUES ET INGENIERIE DES MATHEMATIQUES,XB,XD
2204464,SCIENCES HUMAINES ET SOCIALES : METIERS DE L'EDUCATION ET DE LA FORMATION (MEF),XB,XD
2204939,ARTS- LETTRES- LANGUES : METIERS DE L'EDUCATION ET DE LA FORMATION,XB,XD
2204940,ARTS- LETTRES- LANGUES : METIERS DE L'EDUCATION ET DE LA FORMATION,XB,XD
2204745,SCIENCES- TECHNOLOGIES- SANTE : METIERS DE L'EDUCATION ET DE LA FORMATION (MEF),XB,XD
2204461,SCIENCES HUMAINES ET SOCIALES : METIERS DE L'EDUCATION ET DE LA FORMATION (MEF),XB,XD
2204270,DROIT- ECONOMIE- GESTION : METIERS DE L'EDUCATION ET DE LA FORMATION (MEF),XB,XD
2204621,SCIENCES- TECHNOLOGIES- SANTE : ELECTRONIQUE- ELECTROTECHNIQUE- AUTOMATIQUE,XB,XD
2204805,SCIENCES- TECHNOLOGIES- SANTE : PHYSIQUE-CHIMIE,XB,XD
2204744,SCIENCES- TECHNOLOGIES- SANTE : METIERS DE L'EDUCATION ET DE LA FORMATION (MEF),XB,XD
2204583,SCIENCES- TECHNOLOGIES- SANTE : ECOLOGIE- BIODIVERSITE,XB,XD
2204459,SCIENCES HUMAINES ET SOCIALES : METIERS DE L'EDUCATION ET DE LA FORMATION (MEF),XB,XD
2204806,SCIENCES- TECHNOLOGIES- SANTE : PHYSIQUE-CHIMIE,XB,XD
2216018,SCIENCES- TECHNOLOGIES- SANTE : EDUCATION ET FORMATION,XB,XD
2216020,SCIENCES- TECHNOLOGIES- SANTE : EDUCATION ET FORMATION,XB,XD
2216191,SCIENCES HUMAINES ET SOCIALES : METIERS DE L'ENSEIGNEMENT SCOLAIRE- DE LA FORMATION ET DE LA CULTURE,XB,XD
2216021,SCIENCES- TECHNOLOGIES- SANTE : EDUCATION ET FORMATION,XB,XD
2216019,SCIENCES- TECHNOLOGIES- SANTE : EDUCATION ET FORMATION,XB,XD
2215830,SCIENCES ET TECHNOLOGIES : STAPS,XB,XD
2204091,SCIENCES- TECHNOLOGIES- SANTE : VIE ET SANTE,XB,XD
2204787,SCIENCES- TECHNOLOGIES- SANTE : PHYSIQUE ET CHIMIE,XB,XD
2204714,SCIENCES- TECHNOLOGIES- SANTE : MATHEMATIQUES ET APPLICATIONS,XB,XD
2204451,SCIENCES HUMAINES ET SOCIALES : METIERS DE L'ENSEIGNEMENT ET DE L'EDUCATION,XB,XD
2204452,SCIENCES HUMAINES ET SOCIALES : METIERS DE L'ENSEIGNEMENT ET DE L'EDUCATIO,XB,XD
2204234,ARTS- LETTRES- LANGUES : LETTRES,XB,XD
2204265,DROIT- ECONOMIE- GESTION : GESTION- ECONOMIE ET SCIENCES SOCIALES- METIERS DE L'ENSEIGNEMENT,XB,XD
2204449,SCIENCES HUMAINES ET SOCIALES : METIERS DE L'ENSEIGNEMENT ET DE L'EDUCATION,XB,XD
2204902,ARTS- LETTRES- LANGUES : MONDES ANGLOPHONES,XB,XD
2204421,SCIENCES HUMAINES ET SOCIALES : HISTOIRE- ARCHEOLOGIE- HISTOIRE DE L'ART,XB,XD
2204894,SCIENCES- TECHNOLOGIES- SANTE : SCIENCES DU VIVANT,XB,XD
2204266,DROIT- ECONOMIE- GESTION : METIERS DE LA FORMATION EN SCIENCES ECONOMIQUES- SOCIALES ET DE GESTION,XB,XD
2204539,SCIENCES HUMAINES ET SOCIALES : SCIENCES ET TECHNIQUES DES ACTIVITES PHYSIQUES ET SPORTIVES (STAPS),XB,XD
2204453,SCIENCES HUMAINES ET SOCIALES : METIERS DE L'ENSEIGNEMENT ET DE L'EDUCATION,XB,XD
2204893,SCIENCES- TECHNOLOGIES- SANTE : VIE ET SANTE,XB,XD
2215850,SCIENCES HUMAINES ET SOCIALES : EDUCATION ET FORMATION,XB,XD
2215854,SCIENCES HUMAINES ET SOCIALES : EDUCATION ET FORMATION,XB,XD
2204614,SCIENCES- TECHNOLOGIES- SANTE : EDUCATION ET FORMATION,XB,XD
2204613,SCIENCES- TECHNOLOGIES- SANTE : EDUCATION ET FORMATION,XB,XD
2204274,DROIT- ECONOMIE- GESTION : METIERS DE L'ENSEIGNEMENT ET DE LA FORMATION,XB,XD
2215567,ARTS- LETTRES- LANGUES : METIERS DE L'EDUCATION- DE L'ENSEIGNEMENT ET DE LA FORMATION,XB,XD
2204945,ARTS- LETTRES- LANGUES : METIERS DE L'EDUCATION- DE L'ENSEIGNEMENT ET DE LA FORMATION,XB,XD
2215566,ARTS- LETTRES- LANGUES : METIERS DE L'EDUCATION- DE L'ENSEIGNEMENT ET DE LA FORMATION,XB,XD
2215568,ARTS- LETTRES- LANGUES : METIERS DE L'EDUCATION- DE L'ENSEIGNEMENT ET DE LA FORMATION,XB,XD
2204584,SCIENCES- TECHNOLOGIES- SANTE : BIOLOGIE- SANTE,XB,XD
2215569,ARTS- LETTRES- LANGUES : METIERS DE L'EDUCATION- DE L'ENSEIGNEMENT ET DE LA FORMATION,XB,XD
2204148,SCIENCES HUMAINES ET SOCIALES : DOCUMENT,XB,XD
2215570,ARTS- LETTRES- LANGUES : METIERS DE L'EDUCATION- DE L'ENSEIGNEMENT ET DE LA FORMATION,XB,XD
2204841,SCIENCES- TECHNOLOGIES- SANTE : SCIENCES DES MATERIAUX ET CHIMIE ORGANIQUE,XB,XD
2204770,SCIENCES- TECHNOLOGIES- SANTE : PHYSIQUE,XB,XD
2204913,ARTS- LETTRES- LANGUES : METIERS DE L'ENSEIGNEMENT ET DE LA FORMATION,XB,XD
2212925,ECONOMIE- GESTION : THEORIES- HISTOIRE ET METHODES DE L'ECONOMIE (THEME),XB,XD
2225556,ARTS- LETTRES- LANGUES : ARTS PLASTIQUES,XB,XD
2225365,SCIENCES HUMAINES ET SOCIALES : GEOGRAPHIE,XB,XD
2215966,SCIENCES HUMAINES ET SOCIALES : THEORIES- HISTOIRE ET METHODES DE L'ECONOMIE (THEME),XB,XD
2204695,SCIENCES- TECHNOLOGIES- SANTE : INGENIERIES DES FORMATIONS EDUCATIVES- TECHNIQUES ET PROFESSIONNELLES,XB,XD
2204760,SCIENCES- TECHNOLOGIES- SANTE : METIERS DE L'ENSEIGNEMENT SCOLAIRE- DE LA FORMATION ET DE LA CULTURE,XB,XD
2204624,SCIENCES- TECHNOLOGIES- SANTE : ENSEIGNEMENT ET DIFFUSION DES SCIENCES EXPERIMENTALES,XB,XD
2204627,SCIENCES- TECHNOLOGIES- SANTE : ENSEIGNEMENT ET DIFFUSION DES SCIENCES EXPERIMENTALES,XB,XD
2204763,SCIENCES- TECHNOLOGIES- SANTE : METIERS DE L'ENSEIGNEMENT SCOLAIRE- DE LA FORMATION ET DE LA CULTURE,XB,XD
2204762,SCIENCES- TECHNOLOGIES- SANTE : METIERS DE L'ENSEIGNEMENT SCOLAIRE- DE LA FORMATION ET DE LA CULTURE,XB,XD
2204761,SCIENCES- TECHNOLOGIES- SANTE : METIERS DE L'ENSEIGNEMENT SCOLAIRE- DE LA FORMATION ET DE LA CULTURE,XB,XD
2204696,SCIENCES- TECHNOLOGIES- SANTE : INGENIERIES DES FORMATIONS EDUCATIVES- TECHNIQUES ET PROFESSIONNELLES,XB,XD
2204698,SCIENCES- TECHNOLOGIES- SANTE : INGENIERIES DES FORMATIONS EDUCATIVES- TECHNIQUES ET PROFESSIONNELLES,XB,XD
2204628,SCIENCES- TECHNOLOGIES- SANTE : ENSEIGNEMENT ET DIFFUSION DES SCIENCES EXPERIMENTALES,XB,XD
2204425,SCIENCES- TECHNOLOGIES- SANTE : HISTOIRE- PHILOSOPHIE ET DIDACTIQUE DES SCIENCES,XB,XD
2204625,SCIENCES- TECHNOLOGIES- SANTE : ENSEIGNEMENT ET DIFFUSION DES SCIENCES EXPERIMENTALES,XB,XD
2204697,SCIENCES- TECHNOLOGIES- SANTE : INGENIERIES DES FORMATIONS EDUCATIVES- TECHNIQUES ET PROFESSIONNELLES,XB,XD
2215851,SCIENCES HUMAINES ET SOCIALES : EDUCATION ET FORMATION,XB,XD
2215852,SCIENCES HUMAINES ET SOCIALES : EDUCATION ET FORMATION,XB,XD
2215841,SCIENCES HUMAINES ET SOCIALES : EDUCATION ET FORMATION,XB,XD
2216022,SCIENCES- TECHNOLOGIES- SANTE : EDUCATION ET FORMATION EN SCIENCES ET TECHNIQUES,XB,XD
2205039,ARTS- LETTRES- LANGUES : LANGUES ET CULTURES ETRANGERES,XB,XD
2216027,SCIENCES- TECHNOLOGIES- SANTE : EDUCATION ET FORMATION EN SCIENCES ET TECHNIQUES,XB,XD
2204620,SCIENCES- TECHNOLOGIES- SANTE : EDUCATION ET FORMATION EN SCIENCES ET TECHNIQUES,XB,XD
2216025,SCIENCES- TECHNOLOGIES- SANTE : EDUCATION ET FORMATION EN SCIENCES ET TECHNIQUES,XB,XD
2215847,SCIENCES HUMAINES ET SOCIALES : EDUCATION ET FORMATION,XB,XD
2205040,ARTS- LETTRES- LANGUES : LANGUES ET CULTURES ETRANGERES,XB,XD
2205038,ARTS- LETTRES- LANGUES : ARTS- LETTRES- CIVILISATIONS,XB,XD
2205051,SCIENCES HUMAINES ET SOCIALES : HISTOIRE-GEOGRAPHIE,XB,XD
2204740,SCIENCES- TECHNOLOGIES- SANTE : METIERS DE L'EDUCATION ET DE LA FORMATION,XB,XD
2204738,SCIENCES- TECHNOLOGIES- SANTE : METIERS DE L'EDUCATION ET DE LA FORMATION,XB,XD
2204742,SCIENCES- TECHNOLOGIES- SANTE : METIERS DE L'EDUCATION ET DE LA FORMATION,XB,XD
2204609,SCIENCES- TECHNOLOGIES- SANTE : CHIMIE ET PHYSICOCHIMIE MOLECULAIRES,XB,XD
2204835,SCIENCES- TECHNOLOGIES- SANTE : SCIENCES DE LA VIE ET DE LA SANTE,XB,XD
2204578,SCIENCES- TECHNOLOGIES- SANTE : BIOLOGIE ET ECOLOGIE POUR LA FORET- L'AGRONOMIE ET L'ENVIRONNEMENT,XB,XD
2204816,SCIENCES- TECHNOLOGIES- SANTE : SANTE PUBLIQUE ET ENVIRONNEMENT,XB,XD
2204663,SCIENCES- TECHNOLOGIES- SANTE : GEOSCIENCES:PLANETES- RESSOURCES ET ENVIRONNEMENT,XB,XD
2204938,ARTS- LETTRES- LANGUES : METIERS DE L'ENSEIGNEMENT ET DE LA FORMATION,XB,XD
2204470,SCIENCES HUMAINES ET SOCIALES : METIERS DE L'ENSEIGNEMENT ET DE LA FORMATION,XB,XD
2205010,SCIENCES- TECHNOLOGIES- SANTE : METIERS DE L'ENSEIGNEMENT ET DE LA FORMATION,XB,XD
2225367,SCIENCES HUMAINES ET SOCIALES : GEOGRAPHIE ET SCIENCES DES TERRITOIRES,XB,XD
2225554,ARTS- LETTRES- LANGUES : ETUDES ANGLOPHONES,XB,XD
2215526,ARTS- LETTRES- LANGUES : LANGUES ET CULTURES ETRANGERES,XB,XD
2216070,SCIENCES- TECHNOLOGIES- SANTE : MATHEMATIQUES ET APPLICATIONS,XB,XD
2215478,SCIENCES- TECHNOLOGIES- SANTE : BIOGEOSCIENCES,XB,XD
2205098,SCIENCES- TECHNOLOGIES- SANTE : PHYSIQUE,XB,XD
2205086,SCIENCES HUMAINES ET SOCIALES : METIERS DE L'EDUCATION DE L'ENSEIGNEMENT ET DE LA FORMATION (MEEF),XB,XD
2204446,SCIENCES HUMAINES ET SOCIALES : METIERS DE L'EDUCATION DE L'ENSEIGNEMENT ET DE LA FORMATION (MEEF),XB,XD
2205070,ARTS- LETTRES- LANGUES : LANGUES ET LANGAGES,XB,XD
2204535,SCIENCES HUMAINES ET SOCIALES : STAPS,XB,XD
2205084,SCIENCES HUMAINES ET SOCIALES : HISTOIRE ET HISTOIRE DE L'ART,XB,XD
2204196,ARTS- LETTRES- LANGUES : LANGUES ET LANGAGES,XB,XD
2204247,ARTS- LETTRES- LANGUES : LETTRES ET PHILOSOPHIE,XB,XD
2204834,SCIENCES- TECHNOLOGIES- SANTE : TERRES- PLANETES ET ENVIRONNEMENT,XB,XD
2205085,SCIENCES HUMAINES ET SOCIALES : METIERS DE L'EDUCATION DE L'ENSEIGNEMENT ET DE LA FORMATION (MEEF),XB,XD
2204194,ARTS- LETTRES- LANGUES : LANGUES ET LANGAGES,XB,XD
2204248,ARTS- LETTRES- LANGUES : LETTRES ET PHILOSOPHIE,XB,XD
2204715,SCIENCES- TECHNOLOGIES- SANTE : MATHEMATIQUES ET APPLICATIONS,XB,XD
2204597,SCIENCES- TECHNOLOGIES- SANTE : CHIMIE,XB,XD
2215938,SCIENCES HUMAINES ET SOCIALES : PROFESSIONNELS EN ENSEIGNEMENTS PRE-SCOLAIRES- SCOLAIRES ET PERI-SCOLAIRES,XB,XD
2215944,SCIENCES HUMAINES ET SOCIALES : SCIENCES DU SPORT,XB,XD
2225377,SCIENCES HUMAINES ET SOCIALES : HISTOIRE,XB,XD
2215519,ARTS- LETTRES- LANGUES : LANGUES APPLIQUEES,XB,XD
2216031,SCIENCES- TECHNOLOGIES- SANTE : ENSEIGNEMENT- EDUCATION ET FORMATION (EEF),XB,XD
2215518,ARTS- LETTRES- LANGUES : LANGUES APPLIQUEES,XB,XD
2215859,SCIENCES HUMAINES ET SOCIALES : ENSEIGNEMENT ET FORMATION PLURIDISCIPLINAIRE EN SCIENCES HUMAINES ET SOCIALES (EFOP),XB,XD
2215539,ARTS- LETTRES- LANGUES : LETTRES,XB,XD
2216140,SCIENCES- TECHNOLOGIES- SANTE : SCIENCES DE LA TERRE ET DE L'ENVIRONNEMENT,XB,XD
2216063,SCIENCES- TECHNOLOGIES- SANTE : MATHEMATIQUES ET INTERACTIONS,XB,XD
2225524,SCIENCES- TECHNOLOGIES- SANTE : SCIENCES ET TECHNIQUES DES ACTIVITES PHYSIQUES ET SPORTIVES,XB,XD
2215517,ARTS- LETTRES- LANGUES : LANGUES APPLIQUEES,XB,XD
2216036,SCIENCES- TECHNOLOGIES- SANTE : ENSEIGNEMENT- FORMATION ET TECHNOLOGIES INNOVANTES EN SCIENCES PHYSIQUES (EFTIS),XB,XD
2204481,SCIENCES HUMAINES ET SOCIALES : PHILOSOPHIE ET ENSEIGNEMENT DE LA PHILOSOPHIE,XB,XD
2215520,ARTS- LETTRES- LANGUES : LANGUES APPLIQUEES,XB,XD
2215777,SCIENCES HUMAINES ET SOCIALES : ENSEIGNEMENT ET FORMATION PLURIDISCIPLINAIRE EN SCIENCES HUMAINES ET SOCIALES (EFOP),XB,XD
2216013,SCIENCES- TECHNOLOGIES- SANTE : CULTURE SCIENTIFIQUE ET TECHNOLOGIQUE,XB,XD
2216030,SCIENCES- TECHNOLOGIES- SANTE : ENSEIGNEMENT- EDUCATION ET FORMATION (EEF),XB,XD
2215710,DROIT- ECONOMIE- GESTION : METIERS DE L'ENSEIGNEMENT EN ECONOMIE ET MANAGEMENT DES ORGANISATIONS,XB,XD
2216035,SCIENCES- TECHNOLOGIES- SANTE : ENSEIGNEMENT- FORMATION ET TECHNOLOGIES INNOVANTES EN SCIENCES PHYSIQUES (EFTIS),XB,XD
2200609,SCIENCES HUMAINES ET SOCIALES : EDUCATION ET FORMATION,XD,XB
2216190,SCIENCES- TECHNOLOGIES- SANTE : SCIENCES ET METIERS DE L'ENSEIGNEMENT- DE L'EDUCATION ET DE LA FORMATION,XD,XB
2220056,SCIENCES HUMAINES ET SOCIALES : SCIENCES DE L'EDUCATION,XD,XB
2204507,SCIENCES HUMAINES ET SOCIALES : SCIENCES ET METIERS DE L'ENSEIGNEMENT- DE L'EDUCATION ET DE LA FORMATION,XD,XB
2205365,SCIENCES HUMAINES ET SOCIALES : SCIENCES ET METIERS DE L'ENSEIGNEMENT- DE L'EDUCATION ET DE LA FORMATION,XD,XB
2216143,SCIENCES- TECHNOLOGIES- SANTE : SCIENCES DE LA TERRE ET ENVIRONNEMENT- ECOLOGIE,XD,XB
2202068,SCIENCES HUMAINES ET SOCIALES : SCIENCES DE L'EDUCATION,XD,XB
2215879,SCIENCES HUMAINES ET SOCIALES-SCIENCES- TECHNOLOGIES- SANTE : INFORMATION-DOCUMENTATION-COMMUNICATION,XD,XB
2204881,SCIENCES- TECHNOLOGIES- SANTE : STAPS,XD,XB
2204213,ARTS- LETTRES- LANGUES : LETTRES,XD,XB
2204512,SCIENCES HUMAINES ET SOCIALES : SCIENCES ET METIERS DE L'ENSEIGNEMENT- DE L'EDUCATION ET DE LA FORMATION,XD,XB
2205108,SCIENCES HUMAINES ET SOCIALES : SCIENCES ET METIERS DE L'ENSEIGNEMENT- DE L'EDUCATION ET DE LA FORMATION,XD,XB
2204508,SCIENCES HUMAINES ET SOCIALES : SCIENCES ET METIERS DE L'ENSEIGNEMENT- DE L'EDUCATION ET DE LA FORMATION,XD,XB
2204509,SCIENCES HUMAINES ET SOCIALES : SCIENCES ET METIERS DE L'ENSEIGNEMENT- DE L'EDUCATION ET DE LA FORMATION,XD,XB
2204498,SCIENCES HUMAINES ET SOCIALES : SCIENCES DU LANGAGE,XD,XB
2215849,SCIENCES HUMAINES ET SOCIALES : EDUCATION ET FORMATION,XD,XB
2225362,SCIENCES HUMAINES ET SOCIALES : EDUCATION ET FORMATION,XD,XB
2203774,SCIENCES HUMAINES ET SOCIALES : EDUCATION- TRAVAIL ET FORMATION,XD,XB
2203775,SCIENCES HUMAINES ET SOCIALES : EDUCATION- TRAVAIL ET FORMATION,XD,XB
2205032,SCIENCES HUMAINES ET SOCIALES : EDUCATION- TRAVAIL ET FORMATION,XD,XB
2215910,SCIENCES HUMAINES ET SOCIALES : METIERS DE L'EDUCATION DE L'ENSEIGNEMENT ET DE LA FORMATION,XD,XB
6000833,INGENIEUR DIPLOME DE TELECOM PHYSIQUE STRASBOURG DE L'UNIVERSITE DE STRASBOURG- SPECIALITE TECHNOLOGIES DE L'INFORMATION POUR LA SANTE,FN,FI
9036628,HDR EN GEOGRAPHIE - BAC+6 ET PLUS,33,03
2205883,SCIENCES HUMAINES ET SOCIALES : METIERS DE L'EDUCATION ET DE LA FORMATION,XD,XB
2225953,SCIENCES HUMAINES ET SOCIALES : METIERS DE L'EDUCATION ET DE LA FORMATION,XD,XB
2206724,SCIENCES HUMAINES ET SOCIALES : SCIENCES ET METIERS DE L'ENSEIGNEMENT- DE L'EDUCATION ET DE LA FORMATION,XD,XB
2206720,SCIENCES HUMAINES ET SOCIALES : SCIENCES ET METIERS DE L ENSEIGNEMENT- DE L'EDUCATION ET DE LA FORMATION,XD,XB
2206722,SCIENCES HUMAINES ET SOCIALES : SCIENCES ET METIERS DE L ENSEIGNEMENT- DE L'EDUCATION ET DE LA FORMATION,XD,XB
2206721,SCIENCES HUMAINES ET SOCIALES : SCIENCES ET METIERS DE L ENSEIGNEMENT- DE L'EDUCATION ET DE LA FORMATION,XD,XB
8000054,DIPLOME UNIV MUSICIEN INTERVENANT,03,UC
9131107,DIPLOME UNIVERSITE-3EME CYCLE-MEDECINE,13,01
8000160,DIPLOME D'ETABLISSEMENT ETUDIANT-ENTREPRENEUR (D2E),01,UA
5000603,MEDECINE GENERALE,IX,JD
8000094,DIPLOME DU COLLEGE UNIVERSITAIRE DE SCIENCES PO,UO,UP
9010629,DIPLOMES D'UNIVERSITE EN AMENAGEMENT - BAC A BAC+6 ET PLUS,11,01
2101400,SCIENCES ET TECHNIQUES DES ACTIVITES PHYSIQUES ET SPORTIVES : SC DES APS OU ARTISTIQUES ET INTERVENTION,99,XA
2101395,SCIENCES HUMAINES ET SOCIALES : AMENAGEMENT ET GEOGRAPHIE,99,XA
9094442,AUTRES DIPLOMES EN MATHEMATIQUES ET INFORMATIQUE - BAC+4,60,09
9094462,AUTRES DIPLOMES EN PLURI SCIENCES ECONOMIQUES - GESTION - BAC+4,60,09
6000976,INGENIEUR DIPLOME DE L'ECOLE NATIONALE SUPERIEURE DES MINES DE NANCY DE L'UNIVERSITE DE LORRAINE- SPECIALITE GENIE MECANIQUE,FI,FN
2300036,SCIENCES DE LA VIE,FE,XA
2400310,GESTION DES ORGANISATIONS DE L'ECONOMIE SOCIALE ET SOLIDAIRE,DP,DL
