diplom,nom_diplome,secteur_discipline_oraccle,secteur_discipline_sise
R015576,OPERATEURS DE TRANSPORTS MULTIMODAUX ET INTERNATIONAUX (CNAM),47,39
R012353,RESPONSABLE D'ACTIVITES OU D'ENTREPRISES TOURISTIQUES (IPAC),48,39
R015094,CHARGE DU MARKETING ET DE COMMUNICATION,44,39
R014598,MANAGER EN HOTELLERIE INTERNATIONALE (VATEL),48,39
R014599,DIRECTEUR EN HOTELLERIE INTERNATIONALE (VATEL),48,39
9022348,CERTIFICATS D'ECOLES EN ACCUEIL- HOTELLERIE- TOURISME - BAC+2 A BAC+3,48,39
9085647,MASTERS OF TRANSPORT- LOGISTIQUE - BAC+5 A BAC+6 ET PLUS,47,39
2500097,ETUDES EUROPEENNES ET INTERNATIONALES,23,67
R023623,TP TECHNICIEN SUPERIEUR EN TRANSPORT TERRESTRE DE MARCHANDISES (MINISTERE CHARGE DE L'EMPLOI- DGEFP),47,39
R022929,DECLARANT EN DOUANE ET CONSEIL (AFTRAL),47,39
R022923,RESPONSABLE PRODUCTION TRANSPORT ET LOGISTIQUE,47,39
R023624,TP TECHNICIEN SUPERIEUR EN TRANSPORT AERIEN MARITIME (MINISTERE CHARGE DE L'EMPLOI- DGEFP),47,39
R012049,RESPONSABLE MARKETING ET COMMERCIAL(E) DE LA MODE ET DU LUXE (MOD'ART - RESEAU GES),44,39
9023544,CERTIFICATS D'ECOLES EN COMMERCE- VENTE - BAC+3 A BAC+5,44,39
R016651,MANAGER DU MARKETING ET DE LA COMMUNICATION (PPA - RESEAU GES),44,39
R027102,RESPONSABLE MARKETING ET COMMUNICATION (PPA - RESEAU GES),44,39
R014386,ANIMATEUR FORMATEUR POUR LES ENTREPRISES DE LA BEAUTE (ISIPCA),44,39
R023936,RESPONSABLE DE DEVELOPPEMENT COMMERCIAL (CCI FRANCE - RESEAU NEGOVENTIS),44,39
9172307,BACHELOR OF EN DIETETIQUE & NUTRITION APPLIQUEES - BAC+2 A BAC+3,07,06
2400057,INTERVENTION SOCIALE : ACCOMPAGNEMENT DE PUBLICS SPECIFIQUES,06,66
2222409,ARTS- LETTRES- LANGUES : ARTS,19,21
2222428,SCIENCES HUMAINES ET SOCIALES : GEOGRAPHIE,27,28
2214931,SCIENCES HUMAINES ET SOCIALES : ADMINISTRATEUR DES INSTITUTIONS DE RECHERCHE ET DE DIFFUSION DES CONNAISSANCES (ADMIRE),37,66
2223967,SCIENCES- TECHNOLOGIES- SANTE : SCIENCES DE LA MATIERE,03,43
2222417,SCIENCES HUMAINES ET SOCIALES : SCIENCES DU LANGAGE,26,17
2222415,SCIENCES HUMAINES ET SOCIALES : INFORMATION ET COMMUNICATION,26,35
2222425,SCIENCES HUMAINES ET SOCIALES : FINANCE,27,38
2223949,SCIENCES HUMAINES ET SOCIALES : ECONOMIE QUANTITATIVE,66,38
8000056,DIPLOME DE L'ECOLE DES HAUTES ETUDES EN SCIENCES SOCIALES,33,66
2204642,SCIENCES HUMAINES ET SOCIALES : EVOLUTION- PATRIMOINE NATUREL ET SOCIETES,30,35
2204643,SCIENCES HUMAINES ET SOCIALES : EVOLUTION- PATRIMOINE NATUREL ET SOCIETES,35,30
2223968,SCIENCES ET TECHNOLOGIE- SANTE : INFORMATION- SYSTEMES ET TECHNOLOGIE,14,15
2223973,SCIENCES ET TECHNOLOGIE- SANTE : INFORMATION- SYSTEMES ET TECHNOLOGIE,14,15
2224826,SCIENCES ET TECHNOLOGIE- SANTE : INFORMATION- SYSTEMES ET TECHNOLOGIE,14,15
2223972,SCIENCES ET TECHNOLOGIE- SANTE : INFORMATION- SYSTEMES ET TECHNOLOGIE,14,15
2223974,SCIENCES ET TECHNOLOGIE- SANTE : INFORMATION- SYSTEMES ET TECHNOLOGIE,14,15
2223971,SCIENCES ET TECHNOLOGIE- SANTE : INFORMATION- SYSTEMES ET TECHNOLOGIE,14,15
2225416,SCIENCES- TECHNOLOGIES- SANTE : RECHERCHE EN INFORMATIQUE,01,14
2225236,SCIENCES HUMAINES ET SOCIALES : LETTRES,64,19
2225381,SCIENCES HUMAINES ET SOCIALES : HUMANITES ET SCIENCES,26,66
2226073,SCIENCES HUMAINES ET SOCIALES : LETTRES,67,19
2225432,SCIENCES- TECHNOLOGIES- SANTE : BIOLOGIE MOLECULAIRE ET CELLULAIRE,69,06
2226107,SCIENCES- TECHNOLOGIES- SANTE : SCIENCES DE L'UNIVERS- ENVIRONNEMENT- ECOLOGIE,05,06
2500096,SCIENCES COGNITIVES,AA,32
2500170,PHYSIQUE,43,02
2500002,MONNAIE- BANQUE- FINANCE- ASSURANCE,38,63
9093380,AUTRES DIPLOMES EN VETERINAIRE - BAC+3,90,80
9020369,CERTIFICATS D'ECOLES EN PLURI SC DE LA VIE- DE LA SANTE- DE LA TERRE ET DE L'UNIVERS - BAC A BAC+3,90,69
2203994,SCIENCES- TECHNOLOGIES- SANTE : MATERIAUX ET NANOSCIENCES,16,43
8000149,DIPLOME D'ARCHITECTE DE L'INSA,29,12
2216544,SCIENCES ET TECHNOLOGIE : SCIENCES POUR L'ENERGIE,AA,16
2500233,SCIENCES DE L'EAU,70,05
2500235,AGROSCIENCES- ENVIRONNEMENT- TERRITOIRES- PAYSAGE- FORET,06,29
2207093,SCIENCES- TECHNOLOGIES- SANTE : TECHNICO-ECONOMIE DE L'ENERGIE ET DE L'INNOVATION,AA,39
6000289,INGENIEUR DIPLOME DE L'ECOLE POLYTECHNIQUE,68,16
9020229,CERTIFICATS D'ECOLES EN AMENAGEMENT - BAC A BAC+2,90,29
9020129,CERTIFICATS D'ECOLES EN AMENAGEMENT - BAC A BAC+1,90,29
9092541,AUTRES DIPLOMES EN FORMATION GENERALE AUX METIERS DE L'INGENIEUR - BAC+2 A BAC+5,90,41
9090441,AUTRES DIPLOMES EN FORMATION GENERALE AUX METIERS DE L'INGENIEUR - BAC A BAC+4,90,41
9023341,CERTIFICATS D'ECOLES EN FORMATION GENERALE AUX METIERS DE L'INGENIEUR - BAC+3,90,41
9022270,CERTIFICATS D'ECOLES EN PLURI SCIENCES - BAC+2,90,70
9092315,AUTRES DIPLOMES EN ELECTRONIQUE- GENIE ELECTRIQUE- EEA - BAC+2 A BAC+3,90,15
9090341,AUTRES DIPLOMES EN FORMATION GENERALE AUX METIERS DE L'INGENIEUR - BAC A BAC+3,90,41
9093541,AUTRES DIPLOMES EN FORMATION GENERALE AUX METIERS DE L'INGENIEUR - BAC+3 A BAC+5,90,41
9095641,AUTRES DIPLOMES EN FORMATION GENERALE AUX METIERS DE L'INGENIEUR - BAC+5 A BAC+6 ET PLUS,90,41
4200001,MATHEMATIQUES,99,01
6000546,INGENIEUR DIPLOME DU CENTRE D'ETUDES SUPERIEURES INDUSTRIELLES- SPECIALITE BATIMENT ET TRAVAUX PUBLICS,99,16
9075616,MASTERES SPECIALISES EN SCIENCES ET TECHNOLOGIES INDUSTRIELLES - BAC+5 A BAC+6 ET PLUS,99,16
6000376,INGENIEUR DIPLOME DU CESI,99,16
9093568,AUTRES DIPLOMES EN PLURI SCIENCES FONDAMENTALES ET APPLICATIONS - BAC+3 A BAC+5,90,68
9170368,BACHELORS OF EN PLURI SCIENCES FONDAMENTALES ET APPLICATIONS  - BAC A BAC+3,91,68
2500222,BIO-INFORMATIQUE,07,06
9084514,MASTERS OF EN INFORMATIQUE - BAC+4 A BAC+5,90,14
9023314,CERTIFICATS D'ECOLES EN INFORMATIQUE - BAC+3,90,14
9092306,AUTRES DIPLOMES EN SCIENCES DE LA VIE- BIOLOGIE- SANTE - BAC+2 A BAC+3,90,06
9092442,AUTRES DIPLOMES EN MATHEMATIQUES ET INFORMATIQUE - BAC+2 A BAC+4,90,42
9170316,BACHELORS OF EN SCIENCES ET TECHNOLOGIE INDUSTRIELLES  - BAC A BAC+3,91,16
9075633,MASTERES SPECIALISES EN SOCIOLOGIE- DEMOGRAPHIE - BAC+5 A BAC+6 ET PLUS,90,33
9022215,CERTIFICATS D'ECOLE EN ELECTRONIQUE- GENIE ELECTRIQUE- EEA - BAC+2,90,15
9083506,MASTERS OF SCIENCES DE LA VIE- BIOLOGIE- SANTE - BAC+3 A BAC+5,90,06
9024569,CERTIFICATS D'ECOLES EN PLURI SCIENCES DE LA VIE- DE LA SANTE- DE LA TERRE ET DE L'UNIVERS - BAC+4 A BAC+5,90,69
9170312,BACHELORS OF EN GENIE CIVIL - BAC A BAC+3,91,12
9170315,BACHELOR OF EN ELECTRONIQUE- GENIE ELECTRIQUE- ELECTRON-ELECTROTECH-AUTOMATIQUE (EEA) - BAC A BAC+3,91,15
9092368,AUTRES DIPLOMES EN PLURI SCIENCES FONDAMENTALES ET APPLICATIONS - BAC+2 A BAC+3,90,68
9094516,AUTRES DIPLOMES EN SCIENCES ET TECHNOLOGIE INDUSTRIELLES - BAC+4 A BAC+5,90,16
9093416,AUTRES DIPLOMES EN SCIENCES ET TECHNOLOGIE INDUSTRIELLES - BAC+3 A BAC+4,90,16
9090246,AUTRES DIPLOMES EN RESSOURCES HUMAINES- GESTION DU PERSONNEL ET DE L'EMPLOI - BAC A BAC+2,90,39
9075628,MASTERES SPECIALISES EN GEOGRAPHIE - BAC+5 A BAC+6 ET PLUS,90,28
9084568,MASTERS OF PLURI SCIENCES FONDAMENTALES ET APPLICATIONS - BAC+4 A BAC+5,90,68
9024466,CERTIFICATS D'ECOLES EN PLURI SCIENCES HUMAINES ET SOCIALES - BAC+4,90,66
9074666,MASTERES SPECIALISES EN PLURI SCIENCES HUMAINES ET SOCIALES - BAC+4 A BAC+6 ET PLUS,90,66
9090246,AUTRES DIPLOMES EN RESSOURCES HUMAINES- GESTION DU PERSONNEL ET DE L'EMPLOI - BAC A BAC+2,46,39
M000095,BACHELOR EN SCIENCES DU MANAGEMENT - DIPLOME D'ETUDES SUPERIEURES EN MANAGEMENT INTERNATIONAL DE L'EM LYON BUSINESS SCHOOL,99,39
M000057,DIPLOME DE L'ECOLE SUPERIEURE DU COMMERCE EXTERIEUR DE PARIS - PGE,99,39
R016629,RESPONSABLE DU MANAGEMENT COMMERCIAL ET MARKETING (ISEFAC),44,39
R027377,MANAGER MARKETING ET DEVELOPPEMENT COMMERCIAL (MBA-MASTERE) (ESGCV - ESGCI),44,39
R018000,RESPONSABLE MARKETING ET COMMERCIAL (BACHELOR) (ESGCV - ESGCI),44,39
R025518,MANAGER DES RESSOURCES HUMAINES (SCIENCES-U/CRESPA - IPAC),46,39
R019365,RESPONSABLE COMMERCIAL EN AFFAIRES INTERNATIONALES (LA COMPAGNIE DE FORMATION - MBWAY),44,39
R019390,RESPONSABLE DE LA GESTION DES RESSOURCES HUMAINES (IPAC),46,39
R013596,RESPONSABLE DU DEVELOPPEMENT COMMERCIAL (LA COMPAGNIE DE FORMATION - PIGIER),44,39
R007434,CONSEILLER FINANCIER (SOFTEC),45,39
R021732,COLLABORATEUR COMPTABLE ET FINANCIER (IHECF),45,39
R016886,RESPONSABLE DE LA CHAINE LOGISTIQUE (ESPL),47,39
R027103,RESPONSABLE D'AFFAIRES COMMERCIALES ET DU DEVELOPPEMENT A L'INTERNATIONAL (PPA - RESEAU GES),44,39
R012309,RESPONSABLE COMMERCIAL POUR L'AGROALIMENTAIRE (ASSOCIATION RC2A),44,39
R023939,RESPONSABLE LOGISTIQUE AGROALIMENTAIRE (CCI FRANCE - RESEAU RLOG),47,39
R027365,RESPONSABLE DE LA DISTRIBUTION (CCI FRANCE),44,39
R027413,ATTACHE(E) COMMERCIAL(E) (CCI FRANCE - RESEAU NEGOVENTIS),44,39
R001889,TP MANAGER D'UNIVERS MARCHAND (MINISTERE CHARGE DE L'EMPLOI- DGEFP),44,39
R013011,RESPONSABLE EN MANAGEMENT ET DIRECTION DES RESSOURCES HUMAINES (IGS RH),46,39
R012990,RESPONSABLE DE LA GESTION DES RESSOURCES HUMAINES (IGS RH),46,39
R013887,GESTIONNAIRE DE PAIE,46,39
R021733,CONSULTANT RECRUTEMENT (CCI - ESMAE),46,39
R015368,EXPERT FINANCIER (GROUPE IGS - ESAM),45,39
9020345,CERTIFICATS D'ECOLES EN FINANCES- BANQUE- ASSURANCES- IMMOBILIER- COMPTABILITE - BAC A BAC+3,45,39
9050348,DIPLOMES INTERNATIONAUX EN ACCUEIL- HOTELLERIE- TOURISME - BAC A BAC+3,48,39
R027060,DIRECTEUR(TRICE) D'ETABLISSEMENT DE LUXE DANS L'HOTELLERIE (MBA) (ACADEMIE INTERNATIONALE DE MANAGEMENT),48,39
9052348,DIPLOMES INTERNATIONAUX EN ACCUEIL- HOTELLERIE- TOURISME - BAC+2 A BAC+3,48,39
9020246,CERTIFICATS D'ECOLES EN RESSOURCES HUMAINES- GESTION DU PERSONNEL ET DE L'EMPLOI - BAC A BAC+2,46,39
R002326,CHARGE(E) DES RESSOURCES HUMAINES (SUP DES RH),46,39
R016258,MANAGER DU DEVELOPPEMENT COMMERCIAL ET INTERNATIONAL (PPA - RESEAU GES),44,39
R016261,MANAGER COMPTABLE ET FINANCIER (PPA - RESEAU GES),45,39
R015357,MANAGER DES RESSOURCES HUMAINES (PPA - RESEAU GES),46,39
R012378,RESPONSABLE COMPTABLE ET FINANCIER (PPA - RESEAU GES),46,39
R012380,CHARGE(E) DES RESSOURCES HUMAINES (PPA - RESEAU GES),46,39
9020344,CERTIFICATS D'ECOLES EN COMMERCE- VENTE - BAC A BAC+3,44,39
9022546,CERTIFICATS D'ECOLES EN RESSOURCES HUMAINES- GESTION DU PERSONNEL ET DE L'EMPLOI - BAC+2 A BAC+5,46,39
R021706,ASSISTANT RECRUTEMENT (CCI - ESMAE),46,39
R004826,MASTERE SPECIALISE CGE - MANAGER DES ACHATS INTERNATIONAUX (ESSEC),44,39
9075545,MASTERES SPECIALISES EN FINANCE- BANQUE- ASSURANCE- IMMOBILIER- COMPTABILITE - BAC+5,45,39
R014725,MASTERE SPECIALISE CGE - MANAGER DES AFFAIRES JURIDIQUES ET FINANCIERES INTERNATIONALES (ESSEC),45,39
R022996,RESPONSABLE EN MANAGEMENT OPERATIONNEL DES ACHATS (ESSEC),44,39
R024870,MASTERE SPECIALISE CGE - MANAGER MARKETING ET COMMERCIAL INTERNATIONAL (ESSEC),44,39
R024876,MASTERE SPECIALISE CGE - DIRECTEUR DES RESSOUCES HUMAINES (ESSEC),46,39
R022999,RESPONSABLE EN MANAGEMENT DES RESSOURCES HUMAINES (ESSEC),46,39
R022994,RESPONSABLE EN MARKETING ET DEVELOPPEMENT COMMERCIAL (ESSEC),44,39
R022993,RESPONSABLE EN MANAGEMENT DE LA SUPPLY CHAIN (ESSEC),47,39
R022998,RESPONSABLE EN CONTROLE DE GESTION ET GESTION FINANCIERE (ESSEC),45,39
R026823,MASTERE SPECIALISE CGE - MANAGER EN SERVICES ET INDUSTRIES DE SANTE (ESSEC),06,39
R013132,MANAGER EN HOTELLERIE INTERNATIONALE (ESSEC),48,39
R028775,MANAGER DU DEVELOPPEMENT DURABLE (MBA-MSC) (EXCELIA GROUP),16,38
2201007,DROIT- ECONOMIE- GESTION : MANAGEMENT DE LA CULTURE:ARTS ET PATRIMOINE,62,39
2101837,SCIENCES- TECHNOLOGIES- SANTE : PHYSIQUE- SCIENCES POUR L'INGENIEUR,02,15
2212942,DROIT- ECONOMIE- GESTION : MANAGEMENT DE LA CULTURE:ARTS ET PATRIMOINE,62,39
2003790,MANAGEMENT DES ORGANISATIONS,39,40
2005908,LOGISTIQUE,35,14
2003612,MANAGEMENT DES ORGANISATIONS,06,40
5001000,PREMIERE ANNEE COMMUNE AUX ETUDES DE SANTE (PACES),07,71
2101988,LETTRES- LANGUES- ARTS : LANGUES- LITTERATURES ETRANGERES,67,64
2100800,SCIENCES HUMAINES ET SOCIALES : HISTOIRE DE L'ART,21,27
2226070,ARTS- LETTRES- LANGUES : LINGUISTIQUE,AA,34
2500245,TOURISME,29,38
2500241,RISQUES ET ENVIRONNEMENT,04,29
2500113,SCIENCES DES RELIGIONS ET SOCIETES,66,31
9093361,AUTRES DIPLOMES EN PLURI DROIT- SCIENCES POLITIQUES - BAC+3,90,61
9090366,AUTRES DIPLOMES EN PLURI SCIENCES HUMAINES ET SOCIALES - BAC A BAC+3,90,66
9170306,BACHELORS OF EN SCIENCES DE LA VIE- BIOLOGIE- SANTE - BAC A BAC+3,91,06
9020266,CERTIFICATS D'ECOLES EN PLURI SCIENCES HUMAINES ET SOCIALES - BAC A BAC+2,90,66
9170170,BACHELORS OF EN PLURI SCIENCES - BAC A BAC+1,91,70
9170361,BACHELORS OF EN PLURI DROIT- SCIENCES POLITIQUES - BAC A BAC+3,91,61
9170336,BACHELOR OF EN SCIENCES JURIDIQUES - BAC A BAC+3,91,36
9091561,AUTRES DIPLOMES EN PLURI DROIT - SCIENCES POLITIQUES - BAC+1 A BAC+5,90,61
9170370,BACHELOR OF EN PLURI SCIENCES - BAC A BAC+3,91,70
9620161,DIPLOME DE SPECIALISATION PROFESSIONNELLE EN PLURI SCIENCES ECONOMIQUES ET GESTION - BAC A BAC+1,61,62
1000327,STATISTIQUE ET INFORMATIQUE DECISIONNELLE,39,42
2201610,DROIT- ECONOMIE- GESTION : ECONOMIE ET MANAGEMENT,39,38
1000290,HYGIENE- SECURITE- ENVIRONNEMENT,06,16
2215321,DROIT- ECONOMIE- GESTION : ETUDES INTERNATIONALES ET EUROPEENNES,36,37
2225059,DROIT- ECONOMIE- GESTION : ETUDES INTERNATIONALES ET EUROPEENNES,36,37
2200297,SCIENCES HUMAINES ET SOCIALES : INGENIERIE DE LA COGNITION- DE LA CREATION ET DES APPRENTISSAGES (IC2A),35,14
2215892,SCIENCES HUMAINES ET SOCIALES : HISTOIRE ET HISTOIRE DE L'ART,66,27
2200859,SCIENCES HUMAINES ET SOCIALES : SCIENCES DU TERRITOIRE,28,29
2211050,SCIENCES HUMAINES ET SOCIALES : INGENIERIE DE LA COGNITION- DE LA CREATION ET DES APPRENTISSAGES (IC2A),35,14
2220616,SCIENCES HUMAINES ET SOCIALES : INGENIERIE DE LA COGNITION- DE LA CREATION ET DES APPRENTISSAGES (IC2A),35,04
2211052,SCIENCES HUMAINES ET SOCIALES : INGENIERIE DE LA COGNITION- DE LA CREATION ET DES APPRENTISSAGES (IC2A),35,04
2203375,SCIENCES- TECHNOLOGIES- SANTE : SCIENCES POUR L'INGENIEUR,14,01
2003871,MANAGEMENT DES ORGANISATIONS,38,27
2224863,SCIENCES- TECHNOLOGIES- SANTE : GESTION DE L'ENVIRONNEMENT ET VALORISATION DES RESSOURCES NATURELLES,03,05
2214992,SCIENCES- TECHNOLOGIES- SANTE : GESTION DE L'ENVIRONNEMENT ET VALORISATION DES RESSOURCES NATURELLES,03,05
2211617,DROIT- ECONOMIE- GESTION : SCIENCES DU MANAGEMENT,40,39
2211616,DROIT- ECONOMIE- GESTION : SCIENCES DU MANAGEMENT,40,39
2203802,SCIENCES HUMAINES ET SOCIALES : HISTOIRE - METIERS DE LA CULTURE- DES ARCHIVES ET DU DOCUMENT (MECADOC),35,27
1000300,SCIENCE ET GENIE DES MATERIAUX,11,13
2203993,SCIENCES- TECHNOLOGIES- SANTE : MATERIAUX ET NANOSCIENCES,03,43
2203992,SCIENCES- TECHNOLOGIES- SANTE : MATERIAUX ET NANOSCIENCES,03,43
2213420,SCIENCES HUMAINES ET SOCIALES : GEOGRAPHIE ET AMENAGEMENT,28,29
2202331,DROIT- ECONOMIE- GESTION : TRAVAIL ET EMPLOI,38,62
2005302,SYSTEMES INFORMATIQUES ET LOGICIELS,16,14
2003341,ACTIVITES CULTURELLES ET ARTISTIQUES,21,35
2002644,DEVELOPPEMENT ET PROTECTION DU PATRIMOINE CULTUREL,21,29
2202288,ARTS- LETTRES- LANGUES : DIDACTIQUES DES LANGUES,17,22
2211622,DROIT- ECONOMIE- GESTION : MANAGEMENT,38,39
2211624,DROIT- ECONOMIE- GESTION : MANAGEMENT,38,39
2215909,SCIENCES HUMAINES ET SOCIALES : METIERS DE L'EDUCATION DE L'ENSEIGNEMENT ET DE LA FORMATION,66,34
2006288,INDUSTRIES CHIMIQUES ET PHARMACEUTIQUES,16,03
2216122,SCIENCES- TECHNOLOGIES- SANTE : PHYSIQUE,43,02
2216008,SCIENCES- TECHNOLOGIES- SANTE : CHIMIE,43,03
2202173,SCIENCES- TECHNOLOGIES- SANTE : NUTRITION- SANTE- ALIMENTS,70,06
2201993,DROIT- ECONOMIE- GESTION : MANAGEMENT,62,39
2220946,SCIENCES DE LA MER ET DU LITTORAL : SCIENCES BIOLOGIQUES MARINES,05,06
2003855,ACTIVITES ET TECHNIQUES DE COMMUNICATION,14,35
2003604,GESTION DE LA PRODUCTION INDUSTRIELLE,02,16
2201776,SCIENCES- TECHNOLOGIES- SANTE : MATERIAUX,13,02
2223737,SCIENCES HUMAINES ET SOCIALES : CULTURES- ARTS ET SOCIETES,27,30
2201825,DROIT- ECONOMIE- GESTION : MANAGEMENT,40,39
2201833,ARTS- LETTRES- LANGUES : ARTS- LETTRES LANGUES ET CIVILISATIONS,20,64
2201834,ARTS- LETTRES- LANGUES : ARTS- LETTRES LANGUES ET CIVILISATIONS,20,64
2201832,SCIENCES- TECHNOLOGIES- SANTE : SCIENCES DE L'INGENIEUR,02,16
2215549,ARTS- LETTRES- LANGUES : ARTS- LETTRES LANGUES ET CIVILISATIONS,19,34
2216164,SCIENCES- TECHNOLOGIES- SANTE : SCIENCES DE L'INGENIEUR,43,34
2220728,ARTS- LETTRES- LANGUES : ARTS- LETTRES LANGUES ET CIVILISATIONS,25,64
2215835,SCIENCES HUMAINES ET SOCIALES : CULTURES- ARTS ET SOCIETES,27,34
2201831,SCIENCES- TECHNOLOGIES- SANTE : SCIENCES DE L'INGENIEUR,02,16
2210896,DROIT- ECONOMIE- GESTION : AFFAIRES EUROPEENNES ET INTERNATIONALES,38,36
2215871,SCIENCES HUMAINES ET SOCIALES : GEOGRAPHIE- AMENAGEMENT- SOCIOLOGIE,28,34
2101097,ARTS- LETTRES- LANGUES : ETUDES FRANCO-ALLEMANDES:COMMUNICATION ET COOPERATION TRANSFRONTALIERES,35,23
2003432,ENERGIE ET GENIE CLIMATIQUE,29,02
2213631,DROIT- ECONOMIE- GESTION : MANAGEMENT,62,39
2215881,SCIENCES HUMAINES ET SOCIALES : HISTOIRE,27,67
2215579,ARTS- LETTRES- LANGUES : METIERS DE L'ENSEIGNEMENT SCOLAIRE- DE LA FORMATION ET DE LA CULTURE,19,67
2101816,SCIENCES HUMAINES ET SOCIALES : CULTURE ET PATRIMOINES,66,35
2005271,COMMERCE,67,35
2221399,SCIENCES HUMAINES ET SOCIALES : GEOENVIRONNEMENT,29,28
2003234,ENERGIE ET GENIE CLIMATIQUE,02,16
2221382,SCIENCES HUMAINES ET SOCIALES : DEVELOPPEMENT DES  TERRITOIRES ET NOUVELLES RURALITES,28,29
2101397,SCIENCES HUMAINES ET SOCIALES : ECHANGES INTERNATIONAUX,67,24
2006794,PRODUCTION INDUSTRIELLE,70,16
2003409,COMMERCE,38,39
2213928,SCIENCES HUMAINES ET SOCIALES : DEVELOPPEMENT DES  TERRITOIRES ET NOUVELLES RURALITES,28,29
2006435,SYSTEMES INFORMATIQUES ET LOGICIELS,16,14
2003718,AGRONOMIE,05,06
2002531,AUTOMATIQUE ET INFORMATIQUE INDUSTRIELLE,14,02
2006446,TECHNIQUES ET ACTIVITES DE L'IMAGE ET DU SON,16,35
2211942,SCIENCES HUMAINES ET SOCIALES : DEVELOPPEMENT DES  TERRITOIRES ET NOUVELLES RURALITES,28,29
2202061,SCIENCES HUMAINES ET SOCIALES : PSYCHOLOGIE,33,32
2006325,MANAGEMENT DES ORGANISATIONS,38,62
2101242,SCIENCES- TECHNOLOGIES- SANTE : BIOLOGIE SANTE,09,06
2210610,DROIT- ECONOMIE- GESTION : ADMINISTRATION PUBLIQUE,29,40
2203414,SCIENCES- TECHNOLOGIES- SANTE : SCIENCES ET TECHNOLOGIES DE L'INFORMATION ET DE LA COMMUNICATION,14,15
2203409,SCIENCES- TECHNOLOGIES- SANTE : SCIENCES DES MATERIAUX,03,13
2200698,SCIENCES- TECHNOLOGIES- SANTE : CHIMIE- CONTROLE ET PROTECTION DE L'ENVIRONNEMENT,05,03
2203396,SCIENCES HUMAINES ET SOCIALES : SOCIETE- HISTOIRE ET TERRITOIRES,27,28
2203410,SCIENCES- TECHNOLOGIES- SANTE : SCIENCES ET TECHNIQUES DE L'INFORMATION ET DE LA COMMUNICATION,14,42
2201923,DROIT- ECONOMIE- GESTION : DROIT DE L'ENVIRONNEMENT,29,36
2210609,DROIT- ECONOMIE- GESTION : ADMINISTRATION PUBLIQUE,29,36
2200704,SCIENCES- TECHNOLOGIES- SANTE : SCIENCES ET TECHNOLOGIES DE L'INFORMATION ET DE LA COMMUNICATION,14,01
2003642,SECURITE DES BIENS ET DES PERSONNES,36,16
2212563,DROIT- ECONOMIE- GESTION : DROIT DES AFFAIRES,39,36
2203413,SCIENCES- TECHNOLOGIES- SANTE : SCIENCES ET TECHNIQUES DE L'INFORMATION ET DE LA COMMUNICATION,14,15
2203391,SCIENCES- TECHNOLOGIES- SANTE : SCIENCES ET TECHNIQUES DE L'INFORMATION ET DE LA COMMUNICATION,14,01
2006447,TECHNIQUES ET ACTIVITES DE L'IMAGE ET DU SON,70,35
2215879,SCIENCES HUMAINES ET SOCIALES-SCIENCES- TECHNOLOGIES- SANTE : INFORMATION-DOCUMENTATION-COMMUNICATION,67,14
2006111,ACTIVITES ET TECHNIQUES DE COMMUNICATION,14,35
2003407,COMMERCE,38,39
2003229,ELECTRICITE ET ELECTRONIQUE,16,15
2002759,HOTELLERIE ET TOURISME,36,39
2006416,SANTE,02,16
2003586,SECURITE DES BIENS ET DES PERSONNES,12,16
2003789,MANAGEMENT DES ORGANISATIONS,39,40
2005212,HABILLEMENT- MODE ET TEXTILE,38,16
2003487,INTERVENTION SOCIALE,38,28
2002699,GESTION DE LA PRODUCTION INDUSTRIELLE,16,11
2006789,PRODUCTION INDUSTRIELLE,16,11
2005213,MANAGEMENT DES ORGANISATIONS,38,62
2006182,COMMERCE,62,39
2101103,ARTS- LETTRES- LANGUES : ETUDES CULTURELLES,67,64
2101002,DROIT- ECONOMIE- GESTION : DROIT ET ECONOMIE,36,38
2203591,DROIT- ECONOMIE- GESTION : ETUDES EUROPEENNES,38,36
2204008,SCIENCES- TECHNOLOGIES- SANTE : METHODES INFORMATIQUES APPLIQUEES A LA GESTION DES ENTREPRISES (MIAGE),14,39
2204582,SCIENCES- TECHNOLOGIES- SANTE : BIOLOGIE ET SANTE,69,06
2215726,DROIT- ECONOMIE- GESTION : SCIENCES DU MANAGEMENT,62,39
2215721,DROIT- ECONOMIE- GESTION : SCIENCES DU MANAGEMENT,62,39
2204579,SCIENCES- TECHNOLOGIES- SANTE : BIOLOGIE ET SANTE,69,07
2204791,SCIENCES- TECHNOLOGIES- SANTE : PHYSIQUE FONDAMENTALE,02,05
2215719,DROIT- ECONOMIE- GESTION : SCIENCES DU MANAGEMENT,62,39
2204580,SCIENCES- TECHNOLOGIES- SANTE : BIOLOGIE ET SANTE,69,06
2200233,DROIT- ECONOMIE- GESTION : ENVIRONNEMENT,05,38
2215723,DROIT- ECONOMIE- GESTION : SCIENCES DU MANAGEMENT,62,39
2200987,DROIT- ECONOMIE- GESTION : ENVIRONNEMENT,05,70
2216038,SCIENCES- TECHNOLOGIES- SANTE : ENVIRONNEMENT,05,69
2215730,DROIT- ECONOMIE- GESTION : SCIENCES DU MANAGEMENT,62,39
2212495,SCIENCES- TECHNOLOGIES- SANTE : SCIENCES DE LA TERRE ET DE L'UNIVERS,05,14
2204581,SCIENCES- TECHNOLOGIES- SANTE : BIOLOGIE ET SANTE,69,07
2213707,SCIENCES- TECHNOLOGIES- SANTE : SCIENCES APPLIQUEES A LA MONTAGNE,69,05
2214564,SCIENCES- TECHNOLOGIES- SANTE : SCIENCES ET TECHNOLOGIES DE L'INFORMATION ET DES COMMUNICATIONS,16,14
2201617,DROIT- ECONOMIE- GESTION : ECONOMIE-FINANCE,39,62
2210195,SCIENCES- TECHNOLOGIES- SANTE : SCIENCES ET TECHNOLOGIES DE L'INFORMATION ET DES COMMUNICATIONS,16,14
2200093,SCIENCES HUMAINES ET SOCIALES : SCIENCES APPLIQUEES A LA MONTAGNE,28,29
2214422,SCIENCES HUMAINES ET SOCIALES : SCIENCES APPLIQUEES A LA MONTAGNE,28,29
2214243,ARTS- LETTRES- LANGUES : LANGUES ET CULTURES EUROPEENNES,22,17
2220045,ARTS- LETTRES- LANGUES : LANGUES ET CULTURES EUROPEENNES,22,17
2201536,ARTS- LETTRES- LANGUES : LANGUES ET CULTURES EUROPEENNES,22,17
2203988,SCIENCES- TECHNOLOGIES- SANTE : INGENIERIE DU DEVELOPPEMENT DURABLE,70,05
2203987,SCIENCES- TECHNOLOGIES- SANTE : INGENIERIE DU DEVELOPPEMENT DURABLE,16,05
2005195,ELECTRICITE ET ELECTRONIQUE,11,15
2005973,INDUSTRIES CHIMIQUES ET PHARMACEUTIQUES,16,06
2002660,ELECTRICITE ET ELECTRONIQUE,15,02
2007804,INDUSTRIES CHIMIQUES ET PHARMACEUTIQUES,03,43
2003669,INDUSTRIES CHIMIQUES ET PHARMACEUTIQUES,13,06
2203704,SCIENCES- TECHNOLOGIES- SANTE : MANAGEMENT DE L'INNOVATION,62,39
2006731,GENIE CIVIL ET CONSTRUCTION,12,06
2003689,INDUSTRIES CHIMIQUES ET PHARMACEUTIQUES,13,43
2203732,SCIENCES- TECHNOLOGIES- SANTE : SANTE,70,07
2203731,SCIENCES- TECHNOLOGIES- SANTE : SANTE,70,07
2203707,SCIENCES- TECHNOLOGIES- SANTE : MANAGEMENT DE L'INNOVATION,62,39
2203706,SCIENCES- TECHNOLOGIES- SANTE : MANAGEMENT DE L'INNOVATION,62,39
2006802,SANTE,69,06
2003782,SANTE,69,70
2003686,INDUSTRIES CHIMIQUES ET PHARMACEUTIQUES,13,03
2222402,SCIENCES HUMAINES ET SOCIALES : PHILOSOPHIE,31,26
2214405,SCIENCES HUMAINES ET SOCIALES : URBANISME ET AMENAGEMENT DURABLES,28,29
2005234,DEVELOPPEMENT ET PROTECTION DU PATRIMOINE CULTUREL,25,27
2204986,DROIT- ECONOMIE- GESTION : ECONOMIE ET SOCIETE,63,38
2003640,TECHNIQUES ET ACTIVITES DE L'IMAGE ET DU SON,14,35
2003869,ACTIVITES ET TECHNIQUES DE COMMUNICATION,14,35
2005163,MANAGEMENT DES ORGANISATIONS,39,40
2002837,LOGISTIQUE,16,38
2003191,ASSURANCE- BANQUE- FINANCE,39,38
2005162,INDUSTRIE AGRO-ALIMENTAIRE- ALIMENTATION,39,06
2005160,ACTIVITES ET TECHNIQUES DE COMMUNICATION,14,35
2003058,SYSTEMES INFORMATIQUES ET LOGICIELS,35,14
2003865,PROTECTION DE L'ENVIRONNEMENT,16,05
2214361,DROIT- ECONOMIE- GESTION : MANAGEMENT,62,39
2201280,SCIENCES- TECHNOLOGIES- SANTE : ENERGIE SOLAIRE,13,68
2224590,ARTS- LETTRES- LANGUES : LETTRES,67,19
2100907,SCIENCES- TECHNOLOGIES- SANTE : SCIENCES FONDAMENTALES ET APPLICATIONS  (ANNEE COMMUNE),68,70
2003823,SANTE,02,06
2002576,COMMERCE,39,62
2003136,TRANSFORMATIONS INDUSTRIELLES,03,16
2002703,GESTION DE LA PRODUCTION INDUSTRIELLE,16,39
2006116,TECHNIQUES ET ACTIVITES DE L'IMAGE ET DU SON,35,64
2006284,INDUSTRIE AGRO-ALIMENTAIRE- ALIMENTATION,06,13
2006302,INTERVENTION SOCIALE,33,66
2006160,AUTOMATIQUE ET INFORMATIQUE INDUSTRIELLE,16,14
2002704,GESTION DE LA PRODUCTION INDUSTRIELLE,16,39
2006418,SANTE,07,06
2002645,DEVELOPPEMENT ET PROTECTION DU PATRIMOINE CULTUREL,35,66
2006297,INTERVENTION SOCIALE,33,35
2006730,ESPACES NATURELS,69,05
2211146,SCIENCES HUMAINES ET SOCIALES : HISTOIRE- GEOGRAPHIE,27,29
2200530,SCIENCES- TECHNOLOGIES- SANTE : MATHEMATIQUES - STIC,14,01
2211147,SCIENCES HUMAINES ET SOCIALES : POLITIQUES SOCIALES SANTE ET SOLIDARITE,27,66
2002701,GESTION DE LA PRODUCTION INDUSTRIELLE,06,16
2220704,ARTS- LETTRES- LANGUES : ETUDES CULTURELLES,23,67
9014529,DIPLOMES D'UNIVERSITE EN AMENAGEMENT- ARTS - BAC+4 A BAC+5,29,64
2215973,SCIENCES HUMAINES ET SOCIALES/ARTS- LETTRES- LANGUES : LITTERATURES- CIVILISATIONS- LANGAGE,23,19
2201781,SCIENCES- TECHNOLOGIES- SANTE : MECANIQUE,26,11
2204805,SCIENCES- TECHNOLOGIES- SANTE : PHYSIQUE-CHIMIE,34,43
2204744,SCIENCES- TECHNOLOGIES- SANTE : METIERS DE L'EDUCATION ET DE LA FORMATION (MEF),34,16
2204583,SCIENCES- TECHNOLOGIES- SANTE : ECOLOGIE- BIODIVERSITE,34,05
2214493,SCIENCES- TECHNOLOGIES- SANTE : HISTOIRE- PHILOSOPHIE ET DIDACTIQUE DES SCIENCES,02,34
2204806,SCIENCES- TECHNOLOGIES- SANTE : PHYSIQUE-CHIMIE,34,43
2003339,TRANSFORMATIONS INDUSTRIELLES,12,43
2005202,COMMERCE,38,39
2003496,LOGISTIQUE,40,39
2003404,COMMERCE,40,39
2002502,AMENAGEMENT DU TERRITOIRE ET URBANISME,38,29
2003408,COMMERCE,40,39
2007744,GESTION DES RESSOURCES HUMAINES,66,39
2220278,ARTS- LETTRES- LANGUES : LANGUES- LITTERATURES ET CIVILISATIONS ETRANGERES,20,23
2003259,HOTELLERIE ET TOURISME,38,39
2220279,ARTS- LETTRES- LANGUES : LANGUES- LITTERATURES ET CIVILISATIONS ETRANGERES,20,23
2214511,SCIENCES- TECHNOLOGIES- SANTE : MATERIAUX,14,03
2101871,SCIENCES- TECHNOLOGIES- SANTE : INGENIERIE DE LA SANTE,69,06
2204816,SCIENCES- TECHNOLOGIES- SANTE : SANTE PUBLIQUE ET ENVIRONNEMENT,34,07
2204663,SCIENCES- TECHNOLOGIES- SANTE : GEOSCIENCES:PLANETES- RESSOURCES ET ENVIRONNEMENT,34,06
2225147,SCIENCES HUMAINES ET SOCIALES : SOCIOLOGIE ET ANTHROPOLOGIE:POLITIQUE- CULTURE ET MIGRATIONS,66,33
2215409,SCIENCES HUMAINES ET SOCIALES : SOCIOLOGIE ET ANTHROPOLOGIE:POLITIQUE- CULTURE ET MIGRATIONS,66,33
2210694,DROIT- ECONOMIE- GESTION : DROIT INTERNATIONAL ET EUROPEEN,37,36
2225253,ARTS- LETTRES- LANGUES : LETTRES,18,64
2202040,SCIENCES HUMAINES ET SOCIALES : ETHNOLOGIE TRANSFORMATIONS DES SOCIETES CONTEMPORAINES,33,30
2215129,DROIT- ECONOMIE- GESTION : DROIT INTERNATIONAL ET EUROPEEN,37,36
2214693,DROIT- ECONOMIE- GESTION : DROIT INTERNATIONAL ET EUROPEEN,37,36
2211180,ARTS- LETTRES- LANGUES : LANGUES ETRANGERES (ALLEMAND- ANGLAIS- ESPAGNOL- ITALIEN),24,23
2210330,DROIT- ECONOMIE- GESTION : FINANCE COMPTABILITE,36,39
2220500,DROIT- ECONOMIE- GESTION : DROIT INTERNATIONAL ET EUROPEEN,37,36
2008320,AMENAGEMENT DU PAYSAGE,69,29
2211749,SCIENCES- TECHNOLOGIES- SANTE : GESTION DE L'ENVIRONNEMENT ET VALORISATION DES RESSOURCES NATURELLES,69,05
2214993,SCIENCES- TECHNOLOGIES- SANTE : GESTION DE L'ENVIRONNEMENT ET VALORISATION DES RESSOURCES NATURELLES,06,05
2214991,SCIENCES- TECHNOLOGIES- SANTE : GESTION DE L'ENVIRONNEMENT ET VALORISATION DES RESSOURCES NATURELLES,69,05
9012367,DIPLOMES D'UNIVERSITE EN PLURI LETTRES- LANGUES- SCIENCES HUMAINES - BAC+2 A BAC+3,67,25
2225606,ARTS- LETTRES- LANGUES : LETTRES,64,19
2102049,SCIENCES- TECHNOLOGIES- SANTE : SCIENCES ET TECHNOLOGIES DE LA SANTE,06,07
8920001,CRPE PROFESSORAT DES ECOLES,03,34
8930004,PREPARATION CAPES HISTOIRE-GEOGRAPHIE,04,27
8930010,PREPARATION CAPES PHILOSOPHIE,02,26
2102008,ARTS- LETTRES- LANGUES : ETUDES EUROPEENNES ET INTERNATIONALES,23,65
2008310,BATIMENT ET CONSTRUCTION,29,16
2204726,SCIENCES- TECHNOLOGIES- SANTE : MATHEMATIQUES- BIOSTATISTIQUES,34,01
2225806,SCIENCES- TECHNOLOGIES- SANTE : SCIENCES BIOLOGIQUES ET TECHNOLOGIQUES POUR LA SANTE,15,06
9016605,DIPLOMES D'UNIVERSITE EN SCIENCES DE LA VIE - BIOLOGIE- SANTE - BAC+6 ET PLUS,05,06
2205216,DROIT- ECONOMIE- GESTION : ETUDES INTERNATIONALES ET EUROPEENNES,36,37
2216376,SCIENCES HUMAINES ET SOCIALES : INGENIERIE DE LA COGNITION- DE LA CREATION ET DES APPRENTISSAGES (IC2A),35,14
2216325,DROIT- ECONOMIE- GESTION : MANAGEMENT- INNOVATION- TECHNOLOGIE (MIT),13,39
2225654,DROIT- ECONOMIE- GESTION : MANAGEMENT- INNOVATION- TECHNOLOGIE (MIT),13,39
2008594,DEVELOPPEMENT ET PROTECTION DU PATRIMOINE CULTUREL,67,66
2205769,DROIT- ECONOMIE- GESTION : TRAVAIL ET EMPLOI,38,62
2220255,SCIENCES HUMAINES ET SOCIALES : HISTOIRE,26,27
2216822,SCIENCES HUMAINES ET SOCIALES : TERRITOIRES ET CULTURES,40,27
2225882,ARTS- LETTRES- LANGUES : LITTERATURES DE L'ANTIQUITE A NOS JOURS,19,64
2216755,SCIENCES HUMAINES ET SOCIALES : CONDUITE DE PROJETS CULTURELS,35,66
2216756,SCIENCES HUMAINES ET SOCIALES : CONDUITE DE PROJETS CULTURELS,35,66
2216754,SCIENCES HUMAINES ET SOCIALES : CONDUITE DE PROJETS CULTURELS,35,66
2215861,SCIENCES HUMAINES ET SOCIALES : ENSEIGNEMENT- EDUCATION ET FORMATION (EEF),66,34
2222791,SCIENCES HUMAINES ET SOCIALES : ETHNOLOGIE TRANSFORMATIONS DES SOCIETES CONTEMPORAINES,33,30
2205681,DROIT- ECONOMIE- GESTION : DROIT INTERNATIONAL ET EUROPEEN,37,36
2216616,DROIT- ECONOMIE- GESTION : DROIT INTERNATIONAL ET EUROPEEN,37,36
2205768,DROIT- ECONOMIE- GESTION : TOURISME,28,38
2216573,ARTS- LETTRES- LANGUES : LINGUISTIQUE ET DIDACTIQUE DES LANGUES,22,17
2216861,SCIENCES- TECHNOLOGIES- SANTE : GENIE DES SYSTEMES INDUSTRIELS,35,13
2216860,SCIENCES- TECHNOLOGIES- SANTE : GENIE DES SYSTEMES INDUSTRIELS,35,13
2206118,SCIENCES- TECHNOLOGIES- SANTE : SCIENCES ET TECHNOLOGIES DE L'INFORMATION ET DE LA COMMUNICATION,35,14
2216859,SCIENCES- TECHNOLOGIES- SANTE : GENIE DES SYSTEMES INDUSTRIELS,35,13
2006802,SANTE,07,06
2006731,GENIE CIVIL ET CONSTRUCTION,05,06
2003689,INDUSTRIES CHIMIQUES ET PHARMACEUTIQUES,03,43
2206626,SCIENCES HUMAINES ET SOCIALES : SCIENCES DU LANGAGE ET DIDACTIQUE DES LANGUES,01,17
2206591,SCIENCES HUMAINES ET SOCIALES : DROIT CANONIQUE ET DROIT EUROPEEN COMPARE DES RELIGIONS,31,50
2206592,SCIENCES HUMAINES ET SOCIALES : DROIT CANONIQUE ET DROIT EUROPEEN COMPARE DES RELIGIONS,31,50
2206691,SCIENCES- TECHNOLOGIES- SANTE : CANCEROLOGIE,70,06
2205408,SCIENCES- TECHNOLOGIES- SANTE : BIOTECHNOLOGIE-PHARMACOLOGIE,70,06
2206715,SCIENCES- TECHNOLOGIES- SANTE : SCIENCES ET TECHNOLOGIES DE L'INFORMATION ET DE LA COMMUNICATION,35,14
2206713,SCIENCES- TECHNOLOGIES- SANTE : SCIENCES ET TECHNOLOGIES DE L'INFORMATION ET DE LA COMMUNICATION,35,15
2206714,SCIENCES- TECHNOLOGIES- SANTE : SCIENCES ET TECHNOLOGIES DE L'INFORMATION ET DE LA COMMUNICATION,35,14
2206357,MEEF SECOND DEGRE,34,43
2206482,MEEF SECOND DEGRE,34,16
2206356,MEEF SECOND DEGRE,34,01
2206358,MEEF SECOND DEGRE,34,10
2206424,MEEF SECOND DEGRE,34,66
2300012,GEOGRAPHIE ET AMENAGEMENT,66,28
2300083,PORTAIL SCIENCES DE LA VIE ET DE LA TERRE,06,69
2300050,FRONTIERES DU VIVANT,07,06
2300087,PORTAIL SCIENCES FONDAMENTALES ET APPLICATIONS,70,68
2217064,ARTS- LETTRES- LANGUES : LANGUES ET CULTURES,25,23
2500142,TRADUCTION ET INTERPRETATION,23,24
2206815,DROIT- ECONOMIE- GESTION : ISLAMOLOGIE- DROIT ET GESTION,61,36
2206591,SCIENCES HUMAINES ET SOCIALES : DROIT CANONIQUE ET DROIT EUROPEEN COMPARE DES RELIGIONS,06,50
2202029,SCIENCES HUMAINES ET SOCIALES : DEVELOPPEMENT DES TERRITOIRES ET NOUVELLES RURALITES,28,29
2211980,SCIENCES HUMAINES ET SOCIALES : DEVELOPPEMENT DES  TERRITOIRES ET NOUVELLES RURALITES,28,29
2002434,ACTIVITES CULTURELLES ET ARTISTIQUES,35,21
2009345,TECHNIQUES ET ACTIVITES DE L'IMAGE ET DU SON,16,35
2400037,DEVELOPPEMENT DE PROJETS DE TERRITOIRES,40,29
2400044,GESTION DE PROJETS ET STRUCTURES ARTISTIQUES ET CULTURELS,25,40
2500036,GESTION DE PATRIMOINE,36,39
2500041,ACTUARIAT,36,01
2500110,INTELLIGENCE ECONOMIQUE,35,38
2500128,INFORMATION ET MEDIATION SCIENTIFIQUE ET TECHNIQUE,11,35
2500171,PHYSIQUE FONDAMENTALE ET APPLICATIONS,43,02
2500188,OPTIQUE- IMAGE- VISION- MULTIMEDIA,06,02
2500247,VILLE ET ENVIRONNEMENTS URBAINS,02,29
2500167,METHODES INFORMATIQUES APPLIQUEES A LA GESTION DES ENTREPRISES-MIAGE,39,14
2400062,LOGISTIQUE ET SYSTEMES D'INFORMATION,47,39
5000052,MEDECINE LEGALE ET EXPERTISES MEDICALES,7,07
2300008,SCIENCES SANITAIRES ET SOCIALES,06,70
5000602,DIPLOME D'ETAT DE TECHNICIEN DE LABORATOIRE MEDICAL,7,07
9012201,DIPLOMES D'UNIVERSITE EN MATHEMATIQUES - BAC+2,01,04
9131107,DIPLOME UNIVERSITE-3EME CYCLE-MEDECINE,91,07
9013319,DIPLOMES D'UNIVERSITE EN LANGUES ET LITTERATURES FRANCAISES - BAC+3,33,19
2400095,METIERS DE LA MER,29,39
2300032,MATHEMATIQUES,04,01
2500111,THEOLOGIE CATHOLIQUE,31,50
9011248,DIPLOME D'UNIVERSITE EN ACCUEIL- HOTELLERIE- TOURISME - BAC+1 A BAC+2,48,39
9011146,DIPLOME D'UNIVERSITE EN RESSOURCES HUMAINES- GESTION DU PERSONNEL ET DE L'EMPLOI - BAC+1,46,39
2300032,MATHEMATIQUES,16,01
2101400,SCIENCES ET TECHNIQUES DES ACTIVITES PHYSIQUES ET SPORTIVES : SC DES APS OU ARTISTIQUES ET INTERVENTION,99,10
2101395,SCIENCES HUMAINES ET SOCIALES : AMENAGEMENT ET GEOGRAPHIE,99,28
2400095,METIERS DE LA MER,47,39
2300207,PORTAIL MATHEMATIQUES-INFORMATIQUE-ECONOMIE,07,90
4200004,MATHEMATIQUES APPLIQUEES ET SCIENCES SOCIALES,01,04
9090570,AUTRES DIPLOMES EN PLURI SCIENCES - BAC A BAC+5,90,70
9090566,AUTRES DIPLOMES EN PLURI SCIENCES HUMAINES ET SOCIALES - BAC A BAC+5,90,66
9090561,AUTRES DIPLOMES EN PLURI DROIT - SCIENCES POLITIQUES - BAC A BAC+5,90,61
9090540,AUTRES DIPLOMES EN ADMINISTRATION ECONOMIQUE ET SOCIALE (AES) - BAC A BAC+5,90,40
9090562,AUTRES DIPLOMES EN PLURI SCIENCES ECONOMIQUES - GESTION - BAC A BAC+5,90,62
9090567,AUTRES DIPLOMES EN PLURI LETTRES - LANGUES - SCIENCES HUMAINES - BAC A BAC+5,90,67
9090568,AUTRES DIPLOMES EN PLURI SCIENCES FONDAMENTALES ET APPLICATIONS - BAC A BAC+5,90,68
9014402,DIPLOMES D'UNIVERSITE EN PHYSIQUE - BAC+4,90,02
9090238,AUTRES DIPLOMES EN SCIENCES ECONOMIQUES - BAC A BAC+2,91,38
2500249,METIERS DE L'ENSEIGNEMENT- DE L'EDUCATION ET DE LA FORMATION (MEEF)- 2e DEGRE,43,34
2500249,METIERS DE L'ENSEIGNEMENT- DE L'EDUCATION ET DE LA FORMATION (MEEF)- 2e DEGRE,01,34
2500095,HUMANITES,35,67
